1,쇼핑,백화점/할인점/홈쇼핑·온라인몰 1.0~5.0% 적립,"롯데/ 현대백화점 마이신한포인트 1.0~5.0% 적립
- 문화센타 등 비쇼핑 항목 및 온라인매장은 적립 제외
- 세일기간, 식품매장에서도 적립 서비스 제공

롯데마트/이마트/홈플러스/토이저러스 1.0~5.0% 적립
- 문화센타 등 비쇼핑 항목 및 온라인 매장은 적립 제외
- 롯데슈퍼/이마트에브리데이/이마트메트로/홈플러스익스프레스 등 할인점 계열, 슈퍼마켓(SSM)은 특별적립 대상 제외

CJ오쇼핑/CJmall 마이신한포인트 1.0~5.0% 적립
- 상품권 구매건 제외(0.2~2.0% 적립률 적용)"
1,모든가맹점,"전국 가맹점 0.2~2.0% 적립
해외 가맹점 1~5% 적립","전국 가맹점 0.2~2.0% 적립
- 국내 어디서나 이용한 일시불/할부 금액의 0.2~2.0% 마이신한포인트 적립
  * 1.0~5.0% 적립처, 60원/ℓ 적립처를 제외한 전국 모든 가맹점을 대상으로 함.
  * 지방세 및 선불충전형카드(기프트카드 등), 수도요금 적립제외

해외 가맹점 1.0~5.0% 마이신한포인트 적립
- 해외가맹점 일시불/할부 이용금액에 대하여 1.0~5.0% 마이신한포인트 적립"
1,주유,"S-OIL, 에이치디현대오일뱅크 주유 시 리터 당 60원 적립","S-OIL / 에이치디현대오일뱅크 주유 시 리터 당 60원 마이신한포인트 적립
- S-OIL/에이치디현대오일뱅크 리터 당 60원 적립
- 적립포인트 산정방법 = 주유이용금액 × 리터당 적립금액(60원) / 기준유가
  * 기준유가 : S-OIL/에이치디현대오일뱅크가 통보한 휘발유가입니다.
- S-OIL/에이치디현대오일뱅크 정유사별 월 2회, 주유금액 20만원까지 적립
- 주유금액 20만원 월한도 초과시 다음 결제건부터 0.2~2.0% 적립처와 동일한 포인트 적립
- 정유사가 통보한 휘발유 표준 고시유가 기준
  * LPG 충전소 제외, 경유·등유는 휘발유가로 계산되어 적립됩니다."
1,금융,"신한투자증권 CMA 결제계좌 0.2% 추가 적립
마이신한포인트 가맹점 추가 적립","신한투자증권 CMA 결제계좌 지정 시 신판이용 금액의 0.2% 마이신한포인트 추가 적립
- 결제일 기준 적용
  ex) 3월 21일 결제일인 경우, 3월 18일 결제계좌로 지정되더라도 이전 승인 건에 대하여 적립 적용
* 금융투자의 경우, 결제계좌 변경 시 실반영까지 3~4영업일의 시일이 소요될 수 있으므로 이를 고려하여 변경 바랍니다.
* 무이자할부는 적립 제외/월한도 적용 없음
* 0.2% 추가적립 서비스도 ‘포인트 상세기준’ (8~9페이지)의 모든 적립 기준이 동일하게 적용됩니다.

마이신한포인트 가맹점
- 마이신한포인트 가맹점에서 제공하는 포인트 추가 적립
- 신한카드 홈페이지(www.shinhancard.com)내, 마이신한포인트 페이지에서 적립가맹점 확인"
1,통신,SK텔레콤/KT/LG U+ 이동통신요금 1.0~5.0% 적립,"SK텔레콤/KT/LG U+ 이동통신요금 1.0~5.0% 적립
- SK텔레콤/KT/LG U+ 이동통신요금 자동이체 결제금액(KT 통신요금 결합상품 통합 과금 포함)
- 자동이체 건수에 관계없이 포인트 적립(가족도 가능)
  * 순수 결제금액 자동이체외 요금은 적립불가(약정금액 대납, 지점을 통한 월납 제외)
- 결제금액 기준 월 10만원 한도(10만원 초과 결제건 이후의 추가 결제건에 대해서는 0.2~2.0% 적립률 적용)
  예) 13만원 결제 시, 10만원에 대해 특별 적립률(1.0~5.0%)이 적용되며 나머지 3만원에 대해서는 서비스 적용되지 않음. 이후 결제 건부터 일반적립률(0.2~2.0%) 적용됨."
1,기타,무이자/영화/테마파크,"4대 백화점, 3대 할인점 무이자 할부 서비스
- 백화점 : 롯데백화점, 현대백화점, 신세계백화점, 갤러리아백화점
- 할인점 : 롯데마트, 이마트, 홈플러스(구 홈에버 포함) 2~3개월 무이자 할부 제공
  * 문화센터 등 비쇼핑 항목 및 온라인 매장은 제외
  * 롯데슈퍼/이마트 에브리데이/홈플러스 익스프레스 등 슈퍼슈퍼마켓(SSM)은 제외
  * 무이자할부 이용시 포인트 적립은 제외됩니다.

온라인 영화 할인
- CGV, 메가박스에서 영화 에매 시 최대 3,000원 결제일 할인
- 9천원 이상일 경우 1,500원 할인, 18천원 이상일 경우 3,000원 할인
- 제공 기준 : 통합 1일 2회, 월 6회, 연 15회에 한함 (年 기준: 1월~12월)
* 온라인 영화 할인 서비스의 경우 공식 홈페이지 및 APP을 통해 예매 시 제공됩니다.

에버랜드, 롯데월드, 서울랜드 50% 할인 서비스
- 1일 1회, 연 3회 할인 가능 / 본인 자유이용권에 한함
캐리비안베이 입장권 30% 할인 서비스
- 1일 1회, 연 3회 할인 가능 / 본인입장권에 한해 할인

*상기 테마/워터파크 및 영화 할인 서비스는  이용 직전월 Hi-Point  일시불,할부 이용액이 30만원 이상일 경우 할인 가능합니다.(교통카드 이용금액은 전월기준 합산)
*신규발급 회원에 대해서는 카드 사용 등록월 포함 2개월은 실적 제한없이 서비스가 제공됩니다.
*신한카드 Hi-Point 계열 간 직전월 실적 합산, 이용횟수 동시 차감됩니다.
*본인/가족카드 복수 소지 시, 제공실적 및 횟수는 본인/가족 별도 운영됩니다."
1,적립,포인트 적립상세 및 포인트 사용 안내,"포인트 적립율 산정
- 직전월 일시불/할부 이용실적을 기준으로 당월의 매 승인 건에 대한 적립율이 결정됩니다.
  * 당월 결제일에 청구되는 금액에 대한 적립률이 아닙니다
전월 신판 이용금액 50만원 미만 50만원 이상~100만원 미만 100만원 이상~150만원 미만 150만원 이상
1~5% 적립처 1.0% 2.0% 3.5% 5.0%
0.2~2% 적립처 0.2% 0.8% 1.5% 2.0%
- 신한카드 Hi-Point 이용금액만 반영됩니다.
- 전월 이용금액은 전월 1일부터 말일까지의 거래시점 이용금액으로 반영됩니다.
  * 교통카드 이용금액은 전전월 이용금액이 반영됩니다.
  * 해외이용금액은 매입일자 기준으로 반영됩니다.(해외이용금액은 승인일자와 매입일자의 차이가 큰 관계로 매입 후, 매입일자 기준으로 실적 반영됩니다)
- 신규 회원의 경우 카드사용 등록월의 익월말(등록월+1개월)까지 ‘50~100만원 미만’ 이용금액 구간의 적립율을 제공합니다.
 포인트 적립 안내
- 신한카드 하이포인트로 마이신한포인트는 월 최대 5만원까지 적립됩니다. (해당월 총 청구금액 기준/가족카드 및 복수카드 통합한도임) 
  * 결제월에 청구되는 총금액 기준입니다. 
  * 가족카드 및 복수카드에 통합 적용됩니다.
  * +α서비스(CMA+0.2%, 마이신한포인트 가맹점)를 통한 포인트 적립 금액은 월 한도 적용을 받지 않습니다.
  * 가맹점 전표매입이 지연되는 승인건의 경우 익월 청구될 수 있으며 이 경우 해당 청구월의 5만원 한도를 적용 받게 됩니다. 

포인트 적립 시점
- 매월 결제일에 적립됩니다. 
- 일부결제금액이월약정(리볼빙) 매출건의 경우 입금 비율과 관계없이 첫 결제일에 전액 적립됩니다. 
- 할부이용금액은 매월 청구되는 분할금액 기준으로 적립됩니다.
- 중도 상환/선입금 시 상환/입금 당일에 적립 되나, 상환/입금일 당일 매입 처리된 거래에 대해서는 원결제일에 적립이 되오니 유의하시기 바랍니다.
- 중도 상환/선입금에 의한 포인트 적립의 경우, 포인트가 적립되는 월 기준이 아닌, 중도 상환/선입금한 해당 거래건의 결제월 기준으로 월한도를 적용 받게 됩니다. 
  [예] 결제일이 25일인 회원의 경우, 
  - 6월 15일 거래건을 6월 24일 중도상환 시 포인트는 6월 24일에 적립 
  - 월포인트 적립한도(5만 포인트)는 6월 15일 거래의 결제일인 7월 25일에 해당하는 신용제공기간 內 거래건의 적립 포인트와 합산되어 적용

포인트 적립 제외 대상
- 무이자할부/슬림할부
- 단기카드대출(현금서비스)/장기카드대출(카드론)/연회비/각종 수수료/이자 /포인트사용건/기프트카드 등 당사 선불카드 (Pre ⓘ, Maxx등) 충전실적 /당사 모든 할인 서비스 이용 금액 
* 해외에서 일시불 이용 후, 국내에서 할부로 전환하시는 경우, ‘0.2~2.0% 적립처’로 적립률이 재산정됩니다.
* 포인트 소멸 등 기본 정책은 마이신한포인트 기본 정책을 따릅니다.
* 신한카드 Hi-Point, Nano, Nano F 동시소지 고객은 카드별 이용금액이 개별 산정되며 월 한도 역시 개별 적용됩니다.(단, Hi-Save 약정 시에는 통합 적용됨)

포인트 사용 방법
[상품권]
 - 롯데백화점/신세계백화점/현대백화점/갤러리아/백화점세이/이마트/홈플러스/롯데마트/메가마트
  * 백화점/마트 상품권 데스크에서 상품권으로 교환
  * 상품권 교환 시 부분 신판결제(일시불+할부) 불가(포인트로 전액 사용)
  * 5천원권 이상부터 교환가능 (현대백화점은 1만원권 이상부터 교환가능)
- 컬쳐랜드
  * 컬쳐랜드(www.cultureland.co.kr)에서 포인트로 상품권 교환
  * 5천원(온라인상품권)/5만원(실물상품권) 이상부터 사용 가능
  * 온라인상품권은 e-mail 배송/실물상품권은 등기우편 배송
[주유소]
- S-OIL, 에이치디현대오일뱅크 주유 시 포인트 전액 결제
- 주유소 직원에게 포인트 사용 요청 후 주유(주유소 직원이 잘 모르는 경우, “60할부 결제해 주세요”라고 요청)
- 포인트 부족시 일시불/할부 이용금액으로 결제
- S-OIL은 LPG충전소 포인트 사용 불가(에이치디현대오일뱅크는 가능)
[마일리지전환]
- 아시아나항공 마일리지 전환(20포인트->1마일, 50마일 단위신청)
  * 일 1회, 연간(1~12월 누적) 10만 마일리지까지 전환 가능
  * 가족카드로 신청 가능(단, 본인회원의 아시아나 마일리지로 적립됨)
 - 대한항공 마일리지 전환(25포인트->1마일, 50마일 단위신청)
  * 일 1회, 연간(1~12월 누적) 3만 마일리지까지 전환 가능
  * 가족카드로 신청 가능(단, 본인회원의 아시아나 마일리지로 적립됨)
[테마파크]
- 롯데월드 자유이용권 본인 50% + 동반자 40% 할인
  * 동반자 40% 할인 = 20% 포인트 차감결제 + 20% 보너스 할인
  * 인원수 제한없음 / 차감결제에 해당하는 포인트 보유회원에 한함
  * 본인 50% 할인은 직전월 카드사용액 30만원 이상 시 제공
[쇼핑/온라인몰]
- 전액결제가능: 벅스, 롯데월드 아쿠아리움, 키자니아, CU 
- 30% 포인트 차감 결제 가능: CJ오쇼핑/CJmall
- 10% 포인트 차감 결제 가능: 반디앤루니스 결제금액 
* 결제 시 매장직원에게 포인트 사용 요청
* 포인트 부족 시 일시불/할부로 잔여 금액 결제 가능(CU 제외)
* 반디앤루니스 온라인 매장 사용 가능(단, 백화점 입점 매장은 제외)
[요식]
- 전액결제가능: 아웃백스테이크하우스/온더보더/TGI.Friday
- 30% 포인트 차감 결제 가능: 불고기브라더스, 도미노피자
- 20% 포인트 차감 결제 가능: 빕스
- 15% 포인트 차감 결제 가능: 뚜레쥬르
- 10% 포인트 차감 결제 가능: 닥터로빈
* 결제 시 매장직원에게 포인트 사용 요청
* 잔여포인트 부족 시 잔여포인트만큼 사용 가능(단, 도미노피자는 제외)
* 닥터로빈 서울지역 매장에 한함
* 백화점/ 쇼핑몰 등 입점 매장은 제외
[펀드불입]
- 신한투자증권 사이트에서 포인트로 펀드불입
- 펀드매수 화면에서 포인트 사용하기 체크한 후 사용"
2,백화점,"국내 유명 백화점, 할인점, 온라인 쇼핑몰 최대 5% 할인","국내 유명 백화점, 할인점, 온라인 쇼핑몰 최대 5% 할인
- 백화점 : 현대, 롯데, 신세계, 갤러리아
- 할인점 : 이마트, 롯데마트, 홈플러스
- 온라인 쇼핑몰 : GS홈쇼핑(GS e-shop)
- 백화점, 할인점 월 2회, 온라인 쇼핑몰 일 1회, 월 2회에 한함
- 할인 전 승인금액 기준 1회 10만원, 1회 최대 5천원까지 할인
- 이마트 에브리데이/메트로, 홈플러스 익스프레스, 롯데슈퍼 등 슈퍼슈퍼마켓(SSM) 및 상품권 구매 시 할인 적용 불가
- 백화점, 할인점 혜택의 경우 온라인 매장은 제외됩니다.

전국 유명 백화점 및 할인점 상시 2~3개월 무이자할부
- 백화점 : 현대, 롯데, 신세계, 갤러리아
- 할인점 : 이마트, 롯데마트, 홈플러스
- 단, Online매장 결제 시 서비스 적용이 제외됩니다.
- 해당 매장에서 2~3개월 할부로 결제 시 자동으로 무이자 적용되어 청구됩니다.

LG계열 제휴사 할인 및 포인트 적립
LG전자(하이프라자, LG전자 전문점) : 청구 시 5% 할인
- 일 1회, 월 2회, 1회 10만원(할인 전 승인금액 기준, 최대 5천원까지 할인)

뷰티플렉스 : 청구 시 10% 할인, 뷰티플렉스 포인트 10% 적립
- 일 1회, 월 2회, 1회 10만원(할인 전 승인금액 기준, 최대 1만원까지 할인)

LG계열 제휴사 서비스 제공안내
- 할인점 내에 입점한 뷰티플렉스 매장의 경우 서비스 적용 불가
- 오프라인 매장에 한해 서비스 적용
- 뷰티플렉스 멤버십 가입 회원에 한해 포인트 적립"
2,패밀리레스토랑,"국내 유명 패밀리레스토랑, 커피 20~30% 할인","유명 패밀리 레스토랑 20~30% 할인
- 패밀리 레스토랑 : 아웃백, 카페마마스 20% 할인
- 불고기브라더스, 제일제면소 30% 할인
- 월 2회, 1회 10만원(할인 전 승인금액 기준)

커피 : 스타벅스 20% 할인
- 일 1회, 월 5회, 1회 1만원(할인 전 승인금액 기준, 최대 2천원까지 할인)

패밀리레스토랑, 커피 할인 서비스 제공안내
- 스타벅스, 제일제면소, 카페마마스의 경우 대형 할인점, 백화점, 공항 등 입점 매장 서비스적용 불가
- 단품 메뉴에 한하여 세트 및 행사 메뉴 서비스 적용 불가 (단, 불고기브라더스 세트 메뉴 할인 가능)
- 타 쿠폰 및 카드(통신계 카드 등)와 중복 할인 불가
- 상품권 구매 또는 선불카드 충전 시 서비스 적용 불가
- 카페마마스의 경우 오프라인 매장 직접 결제 시, 서비스 적용"
2,주유소,GS칼텍스 리터당 60원 할인,"GS칼텍스 리터당 60원 할인(LPG 서비스 제외)
- 일 2회, 1회 10만원, 월 30만원(할인 전 승인금액 기준)
- 할인액 산정방법 = 주유이용금액 x 리터당 할인금액(60원) / 기준유가
- 기준유가 : GS칼텍스가 통보한 휘발유가입니다.
- 기준유가는 GS칼텍스 고시 휘발유가이며, 각 주유소별 유가 차이 및 유류에 따라 할인금액의 차이가 발생할 수 있습니다.
- 등유, 경유도 휘발유 기준 적용"
2,영화,"CGV, YES24 영화 예매시 최대 7,000원 할인","전국 Multiplex 및 On-line 영화 예매 시 최대 7,000원 할인
- CGV, YES24
- 영화 통합 월 1회, 청구시점 할인
- 영화 예매시에만 할인이 적용되며 영화 예매권, 상품권, 매점 등 영화 예매 이외의 이용건에 대해서는 할인이 적용되지 않습니다."
2,적립,신한카드 Love포인트 적립 및 사용,"신한카드 Love 포인트
- 신한카드 Love포인트는 포인트가 생성/확정되는 결제일에 신한은행 또는 신한금융투자 CMA 결제계좌 연결 회원에 한하여 적립됩니다.
- 포인트 생성시점(거래전표 매입시점/거래일 + 1~2영업일)과 확정시점(대금납부일) 모두 신한은행 또는 신한금융투자 CMA 결제계좌로 지정되어 있어야 포인트 적립이 가능합니다. (둘 중 하나라도 만족하지 못하면 미적립)
- 단기카드대출(현금서비스), 장기카드대출(카드론), 연회비, 이자, 기타 제 수수료, 기프트카드, 선불카드 충전 실적, 포인트 사용금액, 지방세, 수도요금 납부 등은 적립 대상에서 제외됩니다.
- Love할인 서비스가 적용된 거래건 및 무이자 할부 이용 거래건에 대해서는 신한카드 Love포인트가 적립되지 않습니다.
- 코웨이 임직원복지 신한카드 Love 등 일부 제휴카드들은 신한카드 Love포인트 서비스가 제공되지 않으니 유의 바랍니다.

신한카드 Love포인트 기본 적립
- 할인 서비스에 포인트 적립까지 한 카드로 두 가지 혜택을 동시에 누리는 국내 최고의 Double 혜택
- 전국 모든 가맹점에서 신한카드 Love 이용금액(일시불+할부)의 0.2%를 신한카드 Love포인트 적립

신한은행 이용고객 신한카드 Love포인트 추가 적립
신한은행 이용고객 신한카드 Love포인트 최대 0.5% 추가 적립
- 신한은행 금융 상품의 거래 실적에 따라 신한카드 Love이용금액(일시불+할부)의 0.1~0.5% 까지 추가 적립
- 금융거래항목 1개 이상 : +0.1% / 3개 이상 +0.2% / 5개 이상 +0.5%

신한은행 금융상품
- 적금, 펀드, 연금신탁 : 전월 잔액 30만원 이상
- 대출, 정기예금 : 전월 잔액 300만원 이상
- 방카슈랑스 : 전월 잔액 5만원 이상  
- 금융거래 항목 별 최소 조건을 충족하는 경우에 한함
- 방카슈랑스 상품 중 상품명에 ‘연금’이 포함되는 상품은 연금으로 분류됩니다.
- 세부 상품에 대한 금융거래항목 인정 기준은 신한은행에 준함으로, 자세한 문의는 가까운 신한은행 영업점 및 홈페이지 참조

신한카드 Love포인트 사용
- 신한카드 Love 포인트 최소 1P 이상 소지회원에 한하여 사용 가능
- 유효한 신용카드 소지 회원에 한하여 마이신한포인트 전환 가능(1포인트 단위)
- 신한카드 Love 통합할인한도 전환 (1천 포인트 단위)
- 다음년도 카드 연회비 결제 (적립된 신한카드 Love포인트가 결제 예정 연회비보다 많을 경우 사용 가능)
- 신한은행 대출이자 상환(신한은행 홈페이지에서 신청 가능) / LG전자(하이프라자, LG전자 전문점) 제휴사 이용시 포인트를 활용한 추가 할인
- 통합할인한도 상향, 연회비 결제, 마이신한포인트 전환은 신한카드 홈페이지 또는 상담실(1544-7000)에서 가능합니다."
2,테마파크,주요 놀이공원 30~50% 할인 및 스포츠 할인 서비스,"전국 테마파크 자유이용권 본인 할인
- 예버랜드: 50% 할인 (일 1회, 년 3회)
- 캐리비안베이: 30% 할인 (일 1회, 년 3회)
- 롯데월드: 50% 할인 (일 1회, 년 3회)
- 서울랜드: 50% 할인 (일 1회, 년 3회)
- 서비스 이용 전월 신한카드 Love 전월 이용금액(일시불+할부) 30만원 이상 이용 시 서비스 제공
- 테마파크 서비스 제공 전월 이용금액 산정 시 교통카드 이용 금액은 전월 기준으로 합산되며, 이는 통합할인한도 제공 실적 기준(교통카드 이용금액 전전월 기준)과 상이하오니 이점 유의바랍니다.
- 신한카드 Love본인/가족카드 복수 소지 시, 테마파크 서비스 제공 실적 및 횟수는 본인/가족카드 별도 운영하오니 이점 유의 바랍니다."
2,경기관람,"프로야구, 프로농구 할인 서비스","프로야구(LG트원스)정규시즌 홈(잠실) 경기 전석 본인 2,000원 할인
- 현장 할인 및 온라인 할인 예매(www.lgtwins.com) 가능함
- 현장/온라인 할인 예매 통합 1일 1회에 한함

프로농구(LG세이커스)정규 시즌 홈(창원)경기 본인 3,000원 할인
- 일반석에 한함"
2,기타,통합할인한도,"신한카드LOVE 통합할인한도
- 전월실적 20~30만원: 5천원 할인한도
- 전월실적 30~50만원: 1만원 할인한도
- 전월실적 50~80만원: 2만원 할인한도
- 전월실적 80~150만원: 3만원 할인한도
- 전월실적 150만원 이상: 5만원 할인한도

서비스 제공 안내
- 신한카드 Love 이용금액(일시불+할부)에 한합니다.(본인 및 가족이 모두 신한카드 Love를 소지한 경우,이용금액 및 통합할인한도, 할인 횟수는 합산 적용됩니다.)
- 단, 신한카드 Love 할인 적용 후 승인금액 기준으로 실적이 합산됩니다.
- 통합할인한도는 해당 제휴사에서 고객님이 이용하신 순서대로(승인기준) 차감되며, 청구 시점 할인 서비스의 경우에는 할인 현황에 대해 해당 청구서에서 확인이 가능합니다.
- 신한카드 Love 신규 발급회원의 경우, 카드사용 등록월의 익월말(등록월+1개월)까지 10,000원의 통합할인한도가 제공됩니다.
- 이용금액 : 전월 1일~말일 기준(단, 교통카드 이용 실적 전전월 기준)
- 해당 신한카드 Love가 유효한 경우에 서비스 적용이 가능합니다.(카드 해지시에는 서비스 적용이 불가하니, 이점 참고하시기 바랍니다.)
- 단기카드대출(현금서비스), 장기카드대출(카드론) , 연회비, 제수수료, 이자 및 무승인 거래건의 경우 실적 합산에서 제외됩니다.
- 별도의 이벤트를 진행하지 않는 한 타 쿠폰 및 타 카드(신용카드, 통신계카드 등)와 중복 사용 불가합니다."
2,유의사항,꼭 확인하세요!,"- 본 카드의 서비스 내용은 신한카드 및 제휴사 사정에 따라 사전 고지 후 변경 또는 중단될 수 있으며, 카드 이용금액에 따라 제한될 수 있습니다.
- 별도의 이벤트를 진행하지 않는 한 타 쿠폰 및 타 카드(신용카드, 통신계 카드 등) 타 할인혜택의 중복 사용은 불가합니다.

- 카드 이용 시 제공되는 포인트 및 할인혜택 등의 부가서비스는 카드 신규출시(2007.10.06) 이후 1년 이상 축소·폐지 없이 유지 됩니다.
- 상기에도 불구하고, 다음과 같은 사유가 발생한 경우 카드사는 부가서비스를 변경할 수 있습니다.
  ① 부가서비스 관련 제휴업체의 일방적인 제휴조건 변경·도산, 천재지변, 금융환경의 급변, 카드사의 경영위기 및 그 밖에 이에 준하는 사유의 발생
  ② 카드 신규출시 이후 1년 이상 경과하였고, 해당 카드의 수익성 유지가 어려운 경우
- 카드사가 부가서비스를 변경하는 경우에는 부가서비스 변경 사유, 변경 내용 등을 사유발생 즉시 홈페이지에 게시하고, 개별 고지해 드립니다. 특히 카드 신규 출시 이후 1년 이상 경과했고, 해당 카드의 수익성 유지가 어려워져 부가서비스를 변경하는 경우에는 6개월 전부터 매월 개별고지 해 드립니다.
  * 개별고지 방법 : 카드대금청구서, 우편, 이메일, 휴대폰 문자메세지 중 하나"
3,쇼핑,"3대 백화점(롯데,신세계,현대) 및 롯데마트 5% 결제일 할인","3대 백화점(롯데, 신세계, 현대) 및 롯데마트 5% 결제일 할인
- 월 2회 통합횟수 제한
- 할인전 승인금액기준 건당 10만원까지 할인 가능(최대 5천원 할인)
- 이용 실적 기준
  * 해당 카드로 서비스 이용 직전 3개월 일시불+할부 이용 금액이 60만원 이상인 경우 서비스가 제공되며, 신규 카드는 카드 사용 등록월 포함 4개월까지 실적 제한 없이 서비스가 제공됩니다.
  * 전월 이용실적은 전월 1일부터 말일까지의 거래시점 실적으로 반영됩니다.
  * 교통카드 이용실적은 전전월 사용실적이 반영됩니다.
  * 해외이용실적은 매입일자 기준으로 실적 반영됩니다.
- 전월 이용금액 제외 대상
  * 전월 이용금액에 포함되지 않는 대상은 아래와 같으니 참고해주시기 바랍니다.
  * 단기카드대출(현금서비스)/장기카드대출(카드론)/각종 수수료/이자/거래 취소금액

GS아이수퍼 3% 결제일 할인
- 월 1회 3% 할인 (최대 할인금액 5천원)
- 이용 실적 기준
  * Lady카드로 서비스 이용 직전 1개월 일시불 + 할부 이용 금액이 30만원 이상인 경우 서비스가 제공되며, 신규 카드는 카드사용 등록월 익월말(+1개월)까지 이용실적 상관없이 서비스가 제공됩니다.
  * 전월 이용실적은 전월 1일부터 말일까지의 거래시점 실적으로 반영됩니다.
  * 교통카드 이용실적은 전전월 사용실적이 반영됩니다.
  * 해외이용실적은 매입일자 기준으로 실적 반영됩니다.
- 전월 이용금액 제외 대상
  * 전월 이용금액에 포함되지 않는 대상은 아래와 같으니 참고해주시기 바랍니다.
  * 단기카드대출(현금서비스)/장기카드대출(카드론)/각종 수수료/이자/거래 취소금액

루첸리 10% 할인
http://www.lucenlee.com
- 루첸리 매장
  * 현대백화점 (본점, 목동점, 미아점, 중동점, 신촌점, 울산점)
  * 롯데백화점 (본점, 일산점, 노원점, 안양점, 스타시티점, 영등포점, 부산점, 대구점)
  * AK플라자 (분당점, 수원점), 갤러리아 타임월드점, 도곡 직영점, 청담 직영점
- 단, 다이아몬드 나석 등 일부품목 할인 제외/백화점 할인행사와 중복할인 불가"
3,푸드,국내 유명 패밀리 레스토랑 및 커피 최대 20% 할인,"빕스 20% 할인
- 현장 할인
- 월 2회, 연 6회(빕스,투썸플레이스 통합 횟수 적용)
- 할인 전 승인금액기준 건당 10만원까지 할인 가능
- 타 카드(제휴사 멤버십, 통신계 카드 등) 및 쿠폰과 중복할인 적용 불가
- 할인 횟수 및 이용 실적 기준은 보유한 모든 Lady 카드 통합 적용됨
- 이용 실적 기준
  * Lady 카드로 서비스 이용 전월 일시불+할부 이용 금액이 30만원 이상인 경우 서비스가 제공되며, 신규 카드는 카드 사용 등록월 포함 2개월까지 실적 제한 없이 서비스가 제공됩니다.
  * 전월 이용실적(전월 교통카드 이용실적 포함)은 전월 1일부터 말일까지의 거래시점 실적으로 반영됩니다.
  * 해외이용실적은 매입일자 기준으로 실적 반영됩니다.
- 전월 이용금액 제외 대상
  * 전월 이용금액에 포함되지 않는 대상은 아래와 같으니 참고해주시기 바랍니다.
  * 단기카드대출(현금서비스)/장기카드대출(카드론)/각종 수수료/이자/거래 취소금액

아웃백 20% 할인
- 현장 할인
- 연 4회 할인 서비스 가능 (年 기준 : 1월~12월)
- 1회 20만원(할인 전 금액)까지 할인 가능
- 타 쿠폰 및 타 카드(신용카드,통신계 카드 등) 중복 사용 불가
- 할인 횟수 및 이용 실적 기준은 보유한 모든 Lady 카드 통합 적용됨
- 이용 실적 기준
  * Lady 카드로 서비스 이용 전월 일시불+할부 이용 금액이 30만원 이상인 경우 서비스가 제공되며, 신규 카드는 카드 사용 등록월 포함 2개월까지 실적 제한 없이 서비스가 제공됩니다.
  * 전월 이용실적(전월 교통카드 이용실적 포함)은 전월 1일부터 말일까지의 거래시점 실적으로 반영됩니다.
  * 해외이용실적은 매입일자 기준으로 실적 반영됩니다.
- 전월 이용금액 제외 대상
  * 전월 이용금액에 포함되지 않는 대상은 아래와 같으니 참고해주시기 바랍니다.
  * 단기카드대출(현금서비스)/장기카드대출(카드론)/각종 수수료/이자/거래 취소금액

불고기브라더스 20% 할인
- 현장 할인
- 타 쿠폰 및 타 카드(신용카드,통신계 카드 등) 중복 사용 불가
- 할인 횟수 및 이용 실적 기준은 보유한 모든 Lady 카드 통합 적용됨
- 이용 실적 기준
  * Lady 카드로 서비스 이용 전월 일시불+할부 이용 금액이 30만원 이상인 경우 서비스가 제공되며, 신규 카드는 카드 사용 등록월 포함 2개월까지 실적 제한 없이 서비스가 제공됩니다.
  * 전월 이용실적(전월 교통카드 이용실적 포함)은 전월 1일부터 말일까지의 거래시점 실적으로 반영됩니다.
  * 해외이용실적은 매입일자 기준으로 실적 반영됩니다.
- 전월 이용금액 제외 대상
  * 전월 이용금액에 포함되지 않는 대상은 아래와 같으니 참고해주시기 바랍니다.
  * 단기카드대출(현금서비스)/장기카드대출(카드론)/각종 수수료/이자/거래 취소금액

투썸플레이스 20% 할인
- 현장 할인 / 월 2회, 연 6회(빕스, 투썸플레이스 통합 횟수 적용)
- 할인 전 승인금액기준 건당 10만원까지 할인 가능
- 할인 횟수 및 이용 실적 기준은 보유한 모든 Lady 카드 통합 적용됨
- 이용 실적 기준
  * Lady 카드로 서비스 이용 전월 일시불+할부 이용 금액이 30만원 이상인 경우 서비스가 제공되며, 신규 카드는 카드 사용 등록월 포함 2개월까지 실적 제한 없이 서비스가 제공됩니다.
  * 전월 이용실적(전월 교통카드 이용실적 포함)은 전월 1일부터 말일까지의 거래시점 실적으로 반영됩니다.
  * 해외이용실적은 매입일자 기준으로 실적 반영됩니다.
- 전월 이용금액 제외 대상
  * 전월 이용금액에 포함되지 않는 대상은 아래와 같으니 참고해주시기 바랍니다.
  * 단기카드대출(현금서비스)/장기카드대출(카드론)/각종 수수료/이자/거래 취소금액

롯데호텔 할인 서비스
- 레스토랑 : 10% 할인(소매상품, Gala Dinner 등 특별행사 메뉴 제외)
  * 서비스제공업장 : 서울/월드(잠실)/부산/울산/제주 전 업장
- 객실 : 부산/울산 30% 할인, 잠실 25% 할인, 소공/마포/김포시티 20% 할인
  * 정상가 기준 할인율이며 패키지 상품 및 캐릭터룸은 할인에서 제외됩니다.
  * 각 매장별 일부 성수기는 제외됩니다.

Joe's Sandwich(조 샌드위치) 10% 할인
- 전품목 상시 10% 현장 할인 혜택제공
- 타 할인과의 중복적용은 불가"
3,영화,"맥스무비, 인터파크 YES24 예매시 1,500원 할인","맥스무비, 인터파크, YES24 영화 할인
- 해당 영화사이트 또는 신한카드 홈페이지 내 영화몰 예매시 본인 및 동반 1인 각각 1,500원 할인
- 승인일 기준 1일 1회 최대 2매, 월 2회, 연 6회 할인 가능
- 연간 총 할인 횟수 : 3곳 통합(맥스무비, 인터파크, YES24) 12회에 한함
- 할인 횟수 및 이용 실적 기준은 보유한 모든 Lady 카드 통합 적용됨

이용 실적 기준
- Lady 카드로 서비스 이용 전월 일시불+할부 이용 금액이 30만원 이상인 경우 서비스가 제공되며, 신규 카드는 카드 사용 등록월 포함 2개월까지 실적 제한 없이 서비스가 제공됩니다.
- 전월 이용실적(전월 교통카드 이용실적 포함)은 전월 1일부터 말일까지의 거래시점 실적으로 반영됩니다.
- 해외이용실적은 매입일자 기준으로 실적 반영됩니다.
- 전월 이용금액 제외 대상
  * 전월 이용금액에 포함되지 않는 대상은 아래와 같으니 참고해주시기 바랍니다.
  * 단기카드대출(현금서비스)/장기카드대출(카드론)/각종 수수료/이자/거래 취소금액

전주시네마 본인 3,000원 현장 할인
메가박스 창원점(기존 메가라인 창원 7) 본인 1,500원 현장 할인
CGV-진주 mbcine(기존 진주 mbcine) 본인 1,500원 현장 할인
CGV 여수웅천점 영화예매 2천원 결제일 할인
- 월1회(1일~말일), CGV 여수웅천점 현장 예매에 한하여 2천원 결제일 할인 적용
- 본인, 동반자와 상관없이 총 결제 금액에서 할인 적용
  * 해당 제휴사 홈페이지 및 스마트폰 어플을 통한 여수웅천점 영화예매 이용건은 할인이 적용되지 않으니 유의하시기 바랍니다."
3,주유소,S-OIL 주유 시 리터 당 60원 적립,"S-OIL 주유 시 60포인트/ℓ 마이신한포인트 적립(LPG 제외)
- 월 4회에 한하여, 월 20만원(할인 전 금액)까지 적립

이용 실적 기준
- 해당 카드로 서비스 이용 전월 일시불+할부 이용 금액이 20만원 이상인 경우 서비스가 제공되며, 신규 카드는 카드 사용 등록월 포함 2개월까지 실적 제한 없이 서비스가 제공됩니다.
- 전월 이용실적은 전월 1일부터 말일까지의 거래시점 실적으로 반영됩니다.
- 교통카드 이용실적은 전전월 사용실적이 반영됩니다.
- 해외이용실적은 매입일자 기준으로 실적 반영됩니다

전월 이용금액 제외 대상
- 전월 이용금액에 포함되지 않는 대상은 아래와 같으니 참고해주시기 바랍니다.
- 단기카드대출(현금서비스)/장기카드대출(카드론)/각종 수수료/이자/거래 취소금액
- 주유 및 LPG 이용 금액

주유 시 포인트 사용
- 주유 시 마이신한포인트로 결제
- 5,000점 이상 적립 시 1원부터 사용 가능
- 휘발유, 등유, 경유 등에 한하여 LPG는 포인트 적립에서 제외됩니다.
- 정유사 통보 휘발유 표준 고시 유가가 적용됩니다."
3,교육/육아,"베이비 프리미엄 제품 전문쇼핑몰 「쁘띠엘린스토어」
오프라인 매장 15%, 온라인몰 20% 할인","베이비 프리미엄 제품 전문쇼핑몰 「쁘띠엘린스토어」
오프라인 매장 15%, 온라인몰 20% 할인
www.petitelinstore.com
- 오프라인매장 : 아래의 [오프라인매장할인] 쿠폰출력 후 매장에서 레이디카드 결제 시 제출
- 온라인매장 : 아래의 [온라인매장할인]을 통하여 전용 온라인몰 페이지로 이동 후 온라인 구매 시 할인혜택 제공
  * 단, 기획상품 등 일부상품은 할인 제외.  오프라인 매장은 백화점 입점 매장에 한하며, 백화점 할인과 중복적용 불가
  * 온라인 매장의 경우 반드시 쁘띠엘린 사이트 로그인 후, 결제 시 ‘쿠폰적용하기’  선택해야 할인 적용됨 (할인 상품의 경우 할인 이전 가격 기준으로 쿠폰이 적용됨)"
3,테마파크,주요 놀이공원 최대 50% 할인,"주요 놀이공원 할인 서비스
- 롯데월드 50% 온/오프라인에서 할인 제공(매표소 현장구매 및 해당 홈페이지 예매 / 단, 할인적용카드 사용)
- 에버랜드 50% 온/오프라인에서 할인 제공(매표소 현장구매 및 해당 홈페이지 예매 / 단, 할인적용카드 사용)
- 서울랜드 50% 할인 제공(매표소 현장구매에 한함 / 단, 할인적용카드 사용)
- 캐리비안베이 30% 할인 제공(매표소 현장구매에 한함 / 단, 할인적용카드 사용)
- 통합 일 1회, 년 3회 제공(년기준/1월~12월)

서비스 이용 조건
- Lady카드 본인의 자유이용권에 한해 할인 제공됩니다.
- 서비스 이용 직전월 Lady카드로 일시불, 할부 이용 금액이 30만 원 이상 이용 시 서비스 제공되며, 신규 회원의 경우 카드 사용 등록월 포함 2개월까지 실적 제한없이 서비스 제공됩니다.
- 전월 이용실적은 전월 1일부터 말일까지의 거래시점 실적으로 반영되며, 교통카드 이용실적은 전월 사용실적으로, 해외이용실적은 매입일자 기준실적으로 반영됩니다.
- 전월 이용실적에서 단기카드대출(현금서비스)/장기카드대출(카드론)/각종 수수료/이자/거래 취소금액은 제외됩니다."
3,통신,"이동통신요금 자동이체 시 2% 결제일 할인(SKT, KT, LGT)","이동통신요금 자동이체 시 2% 결제일 할인(SKT, KT, LGT)
- 월 1회/매월 최대 5천원 할인

이용 실적 기준
- 해당 카드로 서비스 이용 직전 3개월 일시불+할부 이용 금액이 90만원 이상인 경우 서비스가 제공되며, 신규 카드는 카드 사용 등록월 포함 4개월까지 실적 제한 없이 서비스가 제공됩니다.
- 전월 이용실적은 전월 1일부터 말일까지의 거래시점 실적으로 반영됩니다.
- 교통카드 이용실적은 전전월 사용실적이 반영됩니다.
- 해외이용실적은 매입일자 기준으로 실적 반영됩니다.

전월 이용금액 제외 대상
- 전월 이용금액에 포함되지 않는 대상은 아래와 같으니 참고해주시기 바랍니다.
  * 단기카드대출(현금서비스)/장기카드대출(카드론)/각종 수수료/이자/거래 취소금액"
3,경기관람,스포츠 관람 할인 서비스,"프로야구 경기관람 할인 서비스
- LG트윈스 정규시즌 홈(잠실) 경기 시 전석 본인 2,000원 할인
  * 현장할인 및 온라인 할인예매(www.lgtwins.com) 가능
  * 현장/온라인 할인예매 통합 1일 1회에 한함
- 기아 타이거즈 정규시즌 홈 (광주) 경기 시 본인 일반석 1,000원 할인(1일 1회)
- 한화 이글스 정규시즌 홈(대전/청주) 경기 시 일반석 본인 및 동반 1인 각 1,500원 할인(1인 1회)

프로농구 경기관람 할인 서비스
- LG세이커스 정규시즌 홈(창원) 경기 시 본인 1일 1회에 한해 3,000원 현장 할인
  * 단, 일반석에 한함"
3,유의사항,꼭 확인하세요!,"- 계약 체결 전 상품에 관한 사항은 상품설명서 및 약관을 읽어보시기 바랍니다.
- 카드 이용 시 제공되는 포인트 및 할인혜택 등의 부가서비스는 카드 신규출시(1999.09.13) 이후 1년 이상 축소·폐지 없이 유지 됩니다.
- 상기에도 불구하고, 다음과 같은 사유가 발생한 경우 카드사는 부가서비스를 변경할 수 있습니다.
  * ① 부가서비스 관련 제휴업체의 일방적인 제휴조건 변경·도산, 천재지변, 금융환경의 급변, 카드사의 경영위기 및 그 밖에 이에 준하는 사유의 발생
  * ② 카드 신규출시 이후 1년 이상 경과하였고, 해당 카드의 수익성 유지가 어려운 경우
- 카드사가 부가서비스를 변경하는 경우에는 부가서비스 변경 사유, 변경 내용 등을 사유발생 즉시 홈페이지에 게시하고, 개별 고지해 드립니다. 특히 카드 신규 출시 이후 1년 이상 경과했고, 해당 카드의 수익성 유지가 어려워져 부가서비스를 변경하는 경우에는 6개월 전부터 매월 개별고지 해 드립니다.
  * 개별고지 방법 : 카드대금청구서, 우편, 이메일, 휴대폰 문자메세지 중 하나"
4,주유소,전국 SK주유소에서 주유 시 리터당 100원 할인,"전국 SK 주유소에서 주유 시 리터당 100원 할인
- SK 주유시 전월 신판(일시불+할부) 실적이 30만원 이상 시 리터당 100원 할인
  * 전월 신판 산정 시 “주유 및 LPG 이용금액” 은 제외
  * 충전소 LPG 이용금액은 할인 제공 되지 않음
  * 정유사 공시 기준 휘발유가로 적용되어 할인되며 등유 및 경유 등은 휘발유 기준으로 환산됩니다.
  * 주유 서비스는 신한생명과의 할인비용 분담을 통해 제공됩니다.
- 주유 할인 한도 : 월 50만원, 일 2회, 회당 15만원
- 전월 이용실적이란, 고객님의 신한 THE YOU SK 카드 이용금액 중 단기카드대출(현금서비스), 장기카드대출(카드론) 등을 제외한 일시불 및 할부 이용금액을 말합니다.
- 신규 발급 회원은 카드사용 등록월의 다음 달말(등록월+1개월)까지 이용실적에 관계없이 100원 할인됩니다.
- 전월 이용금액 및 서비스 기준(횟수 및 금액 제한)은 본인카드와 가족카드 각각 입니다.
- 교통카드 이용액은 전전월의 이용금액으로 가산됩니다."
4,대중교통,"버스, 지하철, 택시 최고 3~7% 할인","버스, 지하철, 택시 최고 3~7% 할인
- 서비스지역 : 서울, 부산, 경기, 인천, 대전, 원주, 춘천, 강릉, 울산 등
  * 단, 공항버스, 공항리무진, 공항철도, 터널, 인천대교, 신공항 하이웨이 제외
- 버스, 지하철 : 당사 교통카드 서비스 가능지역에 한해 할인적용
- 택시 : T-money, eb단말기 택시에 한해 할인적용

전월 이용금액(1일~ 말일, 일시불+할부, 주유 및 LPG 이용금액 제외)에 따라 할인율 차등 적용
- 전월 이용실적이란, 고객님의 신한 SK에너지 오일링 카드 이용금액 중 단기카드대출(현금서비스), 장기카드대출(카드론) 등을 제외한 일시불 및 할부 이용금액을 말합니다.
- 전월 이용금액 30만원이상~50만원미만 : 할인율 3%, 할인한도 5천원
- 전월이용금액 50만원이상~100만원미만 : 할인율 5%, 할인한도 7천원
- 전월이용금액 100만원이상 : 할인율 7%, 할인한도 1만원
  * 신규 발급 회원은 카드사용 등록월의 다음 달말(등록월+1개월)까지 이용실적에 관계없이 3% 할인이 적용됩니다.
  * 카드사용 등록월 다음 달에는 카드사용 등록월 이용금액이 30만원 이상인 경우에만 상기표에 따라 할인율이 차등 적용됩니다.
  * 전월 이용금액 및 서비스 기준(횟수 및 금액 제한)은 본인카드와 가족카드 각각 입니다.
  * 교통카드 이용액은 전전월의 이용 금액으로 가산됩니다."
4,무이자할부,"3대 백화점(롯데,현대,신세계) 3개월 무이자 할부","3대 백화점(롯데,현대,신세계) 3개월 무이자 할부
- 해당 매장에서 3개월 할부로 결제시 무이자 자동 적용/청구
  * 온라인매장에서 결제 시 무이자 할부 적용 제외"
4,테마파크,주요 놀이공원 30~50% 할인,"주요 놀이공원 할인 서비스
- 롯데월드 50% 온/오프라인에서 할인 제공(매표소 현장구매 및 해당 홈페이지 예매 / 단, 할인적용카드 사용)
- 에버랜드 50% 온/오프라인에서 할인 제공(매표소 현장구매 및 해당 홈페이지 예매 / 단, 할인적용카드 사용)
- 서울랜드 50% 할인 제공(매표소 현장구매에 한함 / 단, 할인적용카드 사용)
- 캐리비안베이 30% 할인 제공(매표소 현장구매에 한함 / 단, 할인적용카드 사용)
- 통합 일 1회, 년 3회 제공(년기준/1월~12월)

서비스 이용 조건
- 카드 본인의 자유이용권에 한해 할인 제공됩니다.
- 본인/가족카드 복수 소지 시 실적 및 수혜는 각각 적용됩니다.
- 서비스 이용 직전월의 빅플러스카드 이용금액(1일~말일, 일시불+할부)이 30만원 이상인 경우 할인 서비스가 제공됩니다.
- 단, 해외이용실적은 카드사 매입일자 기준으로 반영됩니다.
- 신규 발급 회원은 카드사용 등록월의 익월말(등록월+1개월)까지 이용금액에 관계없이 서비스가 제공됩니다.
- 단기카드대출(현금서비스) / 장기카드대출(카드론) / 연회비 / 각종 수수료 / 이자 / 기프트카드 구매 금액 / 선불카드 충전금액 / 거래취소금액은 실적 합산에서 제외됩니다."
4,영화,"맥스무비, 인터파크, YES24 영화 할인","맥스무비, 인터파크, YES24 영화 할인
- 해당 영화사이트 또는 신한카드 홈페이지 내 영화몰 예매시 본인 및 동반 1인 각각 1,500원 할인
- 승인일 기준 1일 1회 최대 2매, 월 2회, 연 6회 할인 가능
- 연간 총 할인 횟수 : 3곳 통합(맥스무비, 인터파크, YES24) 12회에 한함
- 서비스 이용 직전월의 일시불, 할부 이용액이 20만원 이상인 경우 할인 제공
  * 단, 2012.3.1.부터는 서비스 이용 직전월의 일시불, 할부 이용액이 30만원 이상인 경우에 할인 제공
- 신규 발급 회원에 대해서는 카드사용 등록월 포함 3개월 동안 카드 사용액에 상관 없이 서비스 제공
  * 단, 2012.8.1.이후 신규 발급 회원에 대해서는 카드사용 등록월의 익월말(등록월 + 1개월)까지 이용 실적에 관계없이 서비스 제공"
4,헤어,헤어 15~20% 할인,"박승철헤어스투디오, 박준뷰티랩 20% 할인
이가자헤어비스, 살롱드 마샬(구 마샬 뷰티 살롱) 15% 할인
- 제외매장 : 살롱드 마샬 일산 라페스타점, 보뜨 마샬 이대점

공통조건
- 신한카드 전회원 대상, 헤어시술 시 할인
- 다른 할인 프로그램과 중복할인 불가
- 제외품목 : 컷트/드라이/클리닉/점내판매제품 제외"
4,경기관람,"LG트윈스 정규시즌 홈경기 전석 본인 2,000원 할인(일 1회)","스포츠 할인 서비스
- LG트윈스 정규시즌 홈경기 전석 본인 2,000원 할인(일 1회)"
4,여행사,"신한카드 여행전용사이트, 신한카드 여행서비스","신한카드 여행전용사이트, 신한카드 여행서비스
- 하나, 모두, 레드캡투어 등 국내 대형 여행사 해외 패키지 상품에 대하여 3~7% 할인 혜택과 해외 항공권 최저가 보상제, 국내여행 5%할인 및 중국/일본/동남아 등 해외 골프 서비스에 대한 다양한 혜택을 제공하고 있습니다.
- 신한카드 올댓여행(https://allthat.shinhancard.com)을 통하여 이용시에만 혜택 적용(일부 특가상품 제외)"
4,유의사항,꼭 확인하세요!,"- 계약 체결 전 상품에 관한 사항은 상품설명서 및 약관을 읽어보시기 바랍니다.
- 카드 이용 시 제공되는 포인트 및 할인혜택 등의 부가서비스는 카드 신규출시(2012.01.02) 이후 1년 이상 축소·폐지 없이 유지 됩니다.
- 상기에도 불구하고, 다음과 같은 사유가 발생한 경우 카드사는 부가서비스를 변경할 수 있습니다.
  * ① 부가서비스 관련 제휴업체의 일방적인 제휴조건 변경·도산, 천재지변, 금융환경의 급변, 카드사의 경영위기 및 그 밖에 이에 준하는 사유의 발생
  * ② 카드 신규출시 이후 1년 이상 경과하였고, 해당 카드의 수익성 유지가 어려운 경우
- 카드사가 부가서비스를 변경하는 경우에는 부가서비스 변경 사유, 변경 내용 등을 사유발생 즉시 홈페이지에 게시하고, 개별 고지해 드립니다. 특히 카드 신규 출시 이후 1년 이상 경과했고, 해당 카드의 수익성 유지가 어려워져 부가서비스를 변경하는 경우에는 6개월 전부터 매월 개별고지 해 드립니다.
  * 개별고지 방법 : 카드대금청구서, 우편, 이메일, 휴대폰 문자메세지 중 하나"
5,주유소,전국 GS칼텍스 주유 시 리터당 100원 할인,"전국 GS칼텍스 주유 시 리터당 100원 할인
- 주유 할인 한도 : 월 50만원 / 일 2회 / 회 15만원
- 전월(1일~말일) 신용판매(일시불+할부) 30만원 이상 시 제공 
  * 주유 및 LPG 이용금액은 제외
 - 전월 이용실적이란, 고객님의 GS칼텍스 dream 100 카드 이용금액 중 현금서비스, 카드론 등을 제외한 일시불 및 할부 이용금액을 말합니다.
 - 주유 서비스는 신한생명과의 할인비용 분담을 통해 제공됩니다.

서비스 제공 기준
- 신규 발급 회원은 카드 사용등록월 포함 1개월까지는 실적과 상관없이 100원 할인 됩니다.
- 전월 이용금액 및 서비스 기준(횟수 및 금액제한)은 본인카드와 가족카드가 합산됩니다.
- 정유사 공시 기준 휘발유가로 적용되어 할인됩니다.
- 교통카드 이용액은 전전월의 이용금액으로 가산됩니다."
5,교통,"버스, 지하철, 택시 최고 7% 할인","버스, 지하철, 택시 최고 7% 할인
- 버스, 지하철 : 전국 당사 후불교통카드 서비스 지역에서 할인 적용   
  * 서울,경기,인천,원주,횡성,대전,광주,김해,춘천,부산,울산,양산,강릉,동해,태백,충남(천안, 아산 제외),전북
  * 단, 공항버스, 공항 리무진, 공항철도, 터널, 인천대교, 신공항 하이웨이 제외
- 택시 : T-money, eb단말기 택시에 한하여 할인 적용 
- 전월 이용금액(1일~말일, 일시불+할부, 주유 및 LPG이용금액 제외)에 따라 리터당 할인금액 차등 적용
- 신규 발급 회원은 카드사용 등록월의 익월말(등록월+1개월)까지 이용실적에 관계없이 3% 할인이 적용됩니다.
- 카드사용 등록월 익월에는 카드사용 등록월 이용금액이 30만원 이상인 경우에만 상기표에 따라 할인율이 차등 적용됩니다.
- 교통카드 이용액은 전전월의 이용 금액으로 가산됩니다.
- 전월 이용금액 및 서비스 기준 (횟수 및 금액제한)은 본인카드와 가족카드가 합산됩니다.
전월실적 30만원~50만원 미만 50만원~100만원 미만 100만원 이상
할인율 3% 5% 7%
월 할인한도 5천원 7천원 1만원
  * 전월 이용실적이란, 고객님의 GS칼텍스 dream 100 카드 이용금액 중 현금서비스, 카드론 등을 제외한 일시불 및 할부 이용금액을 말합니다."
5,쇼핑,YES24 3% 할인 등 쇼핑할인,"YES24 3% 할인
- 신한카드 홈페이지 내 도서몰을 통해 구매 시 상시 3% 할인 가능
- 청구 시 할인청구 됨

LG패션 3개월 무이자 할부
- 15만원 이상 구매 시 무이자 가능
- 백화점/상설 할인매장 및 일부 임대매장 제외

엘칸토 20% 할인 및 2~3개월 무이자 할부
- 전품목 상시 20%할인 혜택제공 (아울렛 및 상설할인매장 제외)
  * 단, 전액 카드 결제시에만 할인 적용 가능
- 2~3개월 무이자 할부(백화점,아울렛 및 상설할인매장 제외)"
5,영화,"맥스무비, 인터파크 YES24 예매시 1,500원 할인","맥스무비, 인터파크, YES24 영화 할인
- 해당 영화 Site 또는 신한카드 홈페이지 내 영화몰 예매시 본인 및 동반 1인 각각 1,500원 할인
- 승인일 기준 1일 1회 최대 2매, 월 2회, 연 6회 할인 가능
- 연간 총 할인 횟수 : 3곳 통합(맥스무비, 인터파크, YES24) 12회에 한함

영화할인 서비스 제공 기준
- 서비스 이용 직전월의 샤인 카드 일시불, 할부 이용액이 20만원 이상인 경우 할인 가능합니다.
  * 단, 2012년 3월 1일부터는 서비스 이용 직전월의 샤인 카드 일시불, 할부 이용액이 30만원 이상인 경우, 할인서비스가 제공됩니다.
- 신규 발급 회원에 대해서는 카드 사용 등록월 포함 3개월은 실적 제한없이 서비스가 제공됩니다.
  * 단, 2012년 8월 1일 이후 신규 발급 회원에 대해서는 카드 사용 등록월의 익월말(등록월 + 1개월)까지 이용 실적에 관계없이 서비스가 제공됩니다."
5,레저/스포츠,주요 놀이공원 최대 50% 할인 및 스포츠 할인 서비스,"주요 놀이공원 할인 서비스
- 롯데월드 50% 온/오프라인에서 할인 제공(매표소 현장구매 및 해당 홈페이지 예매 / 단, 할인적용카드 사용)
- 에버랜드 50% 온/오프라인에서 할인 제공(매표소 현장구매 및 해당 홈페이지 예매 / 단, 할인적용카드 사용)
- 서울랜드 50% 할인 제공(매표소 현장구매에 한함 / 단, 할인적용카드 사용)
- 캐리비안베이 30% 할인 제공(매표소 현장구매에 한함 / 단, 할인적용카드 사용)
- 통합 일 1회, 년 3회 제공(년기준/1월~12월)

주요 놀이공원 할인 서비스 이용 조건
- 카드 본인의 자유이용권에 한해 할인 제공됩니다.
- 본인/가족카드 복수 소지 시 실적 및 수혜는 각각 적용됩니다.
- 서비스 이용 직전월의 빅플러스카드 이용금액(1일~말일, 일시불+할부)이 30만원 이상인 경우 할인 서비스가 제공됩니다.
- 단, 해외이용실적은 카드사 매입일자 기준으로 반영됩니다.
- 신규 발급 회원은 카드사용 등록월의 익월말(등록월+1개월)까지 이용금액에 관계없이 서비스가 제공됩니다.
- 단기카드대출(현금서비스) / 장기카드대출(카드론) / 연회비 / 각종 수수료 / 이자 / 기프트카드 구매 금액 / 선불카드 충전금액 / 거래취소금액은 실적 합산에서 제외됩니다.

스포츠 할인 서비스
- LG트윈스 정규시즌 홈경기 전석 본인 2,000원 할인(일 1회)"
5,여행/숙박,"신한카드 여행전용사이트, 신한카드 여행서비스","신한카드 여행전용사이트, 신한카드 여행서비스(Tel:1544-3310)
- 하나,모두,레드캡투어 등 국내 대형 여행사 해외 패키지 상품에 대하여 3~7%할인 혜택과 
- 해외 항공권 최저가 보상제, 국내여행 5%할인 및 중국/일본/동남아 등 해외 골프 서비스에 대한 다양한 혜택을 제공하고 있습니다.
- 해외패키지 여행 
  * 하나투어 최대 3% 혜택 + 3개월 무이자
  * 모두투어 최대 5% 할인 + 3개월 무이자
  * 레드캡투어 최대 7% 할인 + 3개월 무이자
  * 샤프트래블 최대 5% 할인 + 3개월 무이자
- 해외항공권 : 국내최저가 보상
- 해외호텔 : 최대 5% 할인, 일본호텔 제외
- 국내여행
  * 국내항공권 : 아시아나 항공권 5% 할인 
  * 제주여행, 내륙여행, 숙박 : 최대 5% 할인 (일부상품제외)
  * 제주관광지 입장권 : 최대 46% 할인
  * 스파 : 20~40% 할인
- 특화골프 : 신한카드 회원 전용 골프 특가 상품
- 상기 서비스는 신한카드 여행전용사이트에서 이용 시 혜택 적용 (일부 특가상품 제외)
 "
5,뷰티/피트니스,미용업종 15%~20% 할인 및 기타 할인 및 우대 서비스,"미용업종 할인 서비스
- 박승철헤어스투디오, 박준뷰티랩  20% 할인 제공 (제외매장 없음)
- 이가자헤어비스 15% 할인 제공 (제외매장 없음)
- 살롱드 마샬(구 마샬 뷰티 살롱) 15% 할인 (제외매장 : 살롱드 마샬 일산 라페스타점, 보뜨 마샬 이대점)
- 공통조건 
  * 신한카드 전회원 대상
  * 헤어시술 시 할인
  * 다른 할인 프로그램과 중복할인 불가
  * 제외품목 : 컷트/드라이/클리닉/점매판매제품 제외

기타 할인 및 우대 서비스
- 첼로 사진 예술원 15% 할인
  * 웨딩/베이비 사진은 10% 할인
  * 전국 60여개 지점에서 할인 가능 (Tel : 20-517-3581)"
5,프리미엄,비자 플래티늄 서비스 제공,"비자 플래티늄 서비스 제공
- 국제브랜드사 서비스에 대하여 보다 상세한 안내를 원하시는 고객님께서는 국제브랜드사별 홈페이지를 참조해 주시기 바랍니다.
  * 비자 홈페이지 : www.visakorea.com
  * 마스터카드 홈페이지 : www.mastercard.co.kr
  * 아멕스 홈페이지 : www.americanexpress.co.kr
  * JCB(URS) 홈페이지 : www.jcbcard.kr
  * UPI 홈페이지 : www.unionpayintl.com/kr
- 브랜드사 선택서비스는 각 브랜드사별 홈페이지 안내사항과 제공 내용이 상이할 수 있어, 당사에서 제공되는 서비스가이드북 안내(제공처, 제공횟수 및 전월실적 조건 등)를 확인하시기 바랍니다.
  * 브랜드사 홈페이지에 안내된 제공처라 하더라도 당사에서 안내된 제공처가 아닌 경우 서비스가 제공되지 않습니다.
- 브랜드사별 홈페이지 서비스 안내사항 중 대상 등급 서비스가 아닌 경우 서비스 제공이 제한될 수 있습니다."
5,유의사항,꼭 확인하세요!,"- 카드 이용 시 제공되는 포인트 및 할인혜택 등의 부가서비스는 카드 신규출시(2012.01.15) 이후 1년 이상 축소·폐지 없이 유지 됩니다.
- 상기에도 불구하고, 다음과 같은 사유가 발생한 경우 카드사는 부가서비스를 변경할 수 있습니다.
  * 부가서비스 관련 제휴업체의 일방적인 제휴조건 변경·도산, 천재지변, 금융환경의 급변, 카드사의 경영위기 및 그 밖에 이에 준하는 사유의 발생
  * 카드 신규출시 이후 1년 이상 경과하였고, 해당 카드의 수익성 유지가 어려운 경우
- 카드사가 부가서비스를 변경하는 경우에는 부가서비스 변경 사유, 변경 내용 등을 사유발생 즉시 홈페이지에 게시하고, 개별 고지해 드립니다. 
- 특히 카드 신규 출시 이후 1년 이상 경과했고, 해당 카드의 수익성 유지가 어려워져 부가서비스를 변경하는 경우에는 6개월 전부터 매월 개별고지 해 드립니다.
- 개별고지 방법 : 카드대금청구서, 우편, 이메일, 휴대폰 문자메세지 중 하나"
6,선택형,"Cube 선택서비스 - 선택서비스 3개, 5% 할인","Cube 선택서비스 - 선택서비스 3개, 5% 할인
- 신한카드 Cube는 전월 카드 사용금액에 따라 5,000원에서 50,000원 까지 생활 필수 영역 중 직접 선택한 3개 서비스에서 5% 할인 서비스를 제공합니다.
  * 단, 주유 서비스는 리터당 60원 할인 제공 / 할인 서비스 제공은 당사 매입일 기준으로 적용되며, 통합할인한도 세부 내용을 참조하시기 바랍니다.
- 서비스 미선택시에는 '병원/약국', '백화점', '할인점'이 자동으로 선택됩니다.
  * 상담원과의 상담을 통하여 다른 서비스로 지정되어 발급될 수 있습니다.
- 선택한 서비스는 연 3회(1월~12월) 변경 가능합니다.
- 할인대상 승인금액 안내는 할인대상 거래금액 기준입니다.
  * 예) 이동통신 할인 전 승인금액 건당 최대 10만원까지 
     → 이동통신 10만원 초과 결제 시에도 10만원기준으로 5% 할인 적용(5천원)되며, 전월 이용금액에 따른 통합할인한도에 따라 최종 할인 적용됩니다.

이동통신
- SKT/KT/LG U+ 이동통신요금 자동이체 결제금액 대상
  * 통신요금 결합상품 통합 과금 포함됨/순수 결제금액 자동이체 외 요금은 할인불가, 약정금액 대납, 지점을 통합 월납 대상건은 제외
- 할인 전 승인금액 기준 건당 최대 10만원까지
- 대상 가맹점 통합 월 1회 限

온라인몰
- 11번가, G마켓, 옥션, 인터파크, YES24, 알라딘, 롯데닷컴, 신세계몰,반디앤루니스
  * 항공권 구매 제외 / 별도 팝업 사이트는 제외(ex. 옥션 티켓)
- 할인 전 승인금액 기준 건당 최대 7만원까지
- 대상 가맹점 통합 월 3회, 일 1회 限
  * 올댓쇼핑 플러스파트너 이용시, 카드 혜택 외에 추가 포인트 적립 제공

백화점
- 롯데백화점, 현대백화점, 신세계백화점
- 문화센터 상품권 등 비쇼핑 항목 및 온라인 매장은 제외
- 할인 전 승인금액 기준 건당 최대 10만원까지
- 대상 가맹점 통합 월 4회, 일 2회 限

음식/주점
- 전국 음식점, 주점 가맹점 (당사 등록 서비스 기준)
- 할인 전 승인금액 기준 건당 최대 5만원까지
- 대상 가맹점 통합 월 4회, 일 1회 限

홈쇼핑
- GS홈쇼핑, 현대홈쇼핑, 롯데홈쇼핑, CJ오쇼핑, NS농수산홈쇼핑, 홈앤쇼핑
- 할인점 승인금액 기준 건당 최대 7만원까지
- 대상 가맹점 통합 월 3회, 일 1회 限

교육
- 전국 학원, 유치원 (당사 등록 업종 기준), 각 지역내 구민회관 문화센타
- 할인 전 승인금액 기준 건당 최대 10만원까지
- 대상 가맹점 통합 월 2회 限

할인점
- 이마트, 롯데마트, 홈플러스
- 문화센터 상품권 등 비쇼핑항목 및 온라인 매장은 제외
- 롯데슈퍼/에브리데이/익스프레스 등 SSM은 제외
- 할인 전 승인금액 기준 건당 최대 10만원까지
- 대상 가맹점 통합 월 3회, 일 1회 限

병원/약국
- 전국 종합병원, 개인병원, 치과, 동물병원, 보건소, 한의원, 산후조리원/전국 약국 (당사 등록 업종 기준)
- 할인 전 승인금액 기준 건당 최대 10만원까지
- 대상 가맹점 통합 월 4회, 일 2회 限

택시/KTX
- 택시/KTX
- 할인 전 승인금액 기준 건당 최대 5만원까지
- 대상 가맹점 통합 월 8회, 일 1회 限

주유
- 전국 모든 주유소 리터당 60원 할인
- 주유소 통합 월 2회, 월 주유금액 20만원까지
- 기준유가는 SK에너지 고시 휘발유가 기준이며, 경우, 등유 거래도 휘발유가 기준으로 서비스 제공됩니다.
- 휘발유, 경유, 등유 이용거래만 서비스가 제공 가능합니다. (LPG 충전제외)"
6,할인,잔돈할인,"Coin-Save 란?
- 특정금액 이상으로 결제하신 경우, 건당 1천원 미만의 잔돈은 절사해서 할인해드리는 신개념의 할인서비스입니다.
  * 예) 21,900원 결제 시 21,00원 청구(900원 할인)

건당 결제금액의 1천원 미만의 잔돈 할인
- 모든 영역에서 2만원 이상 결제 시, 잔돈할인
- 잔돈할인은 전월이용금액 30만원 이상 시 제공됩니다.
- 잔돈 할인금액은 전월이용금액에 따른 통합할인한도에 포함되지 않습니다. 
- 선택한 서비스에서 Cube 선택서비스 횟수 및 할인한도 먼저 차감된 이후에 잔돈할인이 적용됩니다.
- 잔돈할인 횟수 한도는 월 5회이며, 본인/가족 합산됩니다.
- 할부 결제 시, 원거래금액 기준으로 할인 적용됩니다.

할인제외 세부사항
- 주유/충전소 이용거래
- 타사,당사 선불카드 충전금액
- 당사의 타 할인서비스 적용된 거래
- 해외이용거래
- 단기카드대출(현금서비스)/장기카드대출(카드론)/연회비/각종 수수료/이자 등 신판 외 매출 제외"
7,적립,"생활 친화 가맹점 포인트 1% 포인트 적립
3개월 연속 이용 추가 포인트 적립","생활 친화 가맹점 포인트 1% 포인트 적립
- 전월 이용 금액 조건 상관 없이 1% 마이신한포인트 적립 (월 적립 한도 없음)
- 생활 친화 가맹점 이란?
  * 음식점 업종(한식, 양식, 중식, 일식, 부페, 패스트푸드, 일반대중음식점) 가맹점
  * 마트 업종(할인점/슈퍼마켓, 농협(마트), 쇼핑센터) 가맹점
  * 온라인 업종(전자상거래, 결제대행-PG) 가맹점
  * 편의점 업종 가맹점
  * 커피전문점 업종 가맹점 (제과점 업종 가맹점은 제외)
  * 이동통신요금(SKT/KT/LG U+) 자동이체 건
  * 신한카드 가맹점 업종 분류 기준에 따라 등록되어 있는 업종을 기준으로 적용함

3개월 연속 이용 추가 포인트 적립
- 3개월간 연속으로 이용한 금액 구간을 기준으로 4개월차에 이용한 금액에 대해 마이신한포인트 적립
- 연속 이용 포인트는 4개월차 이용한 모든 가맹점에 대해 포인트가 적립됨
  * 생활 친화 가맹점의 경우 1% 포인트 + 3개월 연속 이용 추가 포인트 모두 적립됨
- 3개월 연속 이용 실적이 없는 카드사용 등록월 + 3개월까지는 추가 포인트가 적립이 되지 않음
- 적립상세
  * 3개월 연속 이용 금액 50만원~100만원 : 추가포인트 적립율 0.2%
  * 3개월 연속 이용 금액 100만원 이상 : 추가포인트 적립율 0.5%
  * 예시) 4월 100만원, 5월 100만원, 6월 50만원 이용한 경우 → 적립율은 3개월 연속 기준인 50만원~100만원 구간대 적립율이 적용됨
- 포인트 적립 제외
  * 무이자할부/슬림할부 이용금액/단기카드대출(현금서비스)/장기카드대출(카드론)/연회비/각종수수료/이자/포인트사용/지방세, 수도요금 결제금액/타사 선불카드 충전 금액/ 기프트카드 등 당사 선불카드 (Pre ⓘ, Maxx등) 충전 금액/모든 할인 서비스가 적용된 매출 금액
 - 월별 이용실적은 매월 1일부터 말일까지 23.5° 해당카드로 거래한 신판(일시불+할부)실적으로 반영됩니다.
  - 교통카드 이용 금액은 전전월 이용 금액 기준이며, 해외 이용 금액은 카드사에 전표가 매입된 일자를 기준으로 적용이 됩니다.

잠깐 ! 전월 카드 이용 금액에 포함되지 않는 대상은 다음과 같으니 참고하시기 바랍니다.
- 단기카드대출(현금서비스)/장기카드대출(카드론)/연회비/각종수수료/이자/거래취소금액
- 타사 선불카드 충전 금액 / 기프트카드 등 당사 선불카드 (Pre ⓘ, Maxx등) 충전 금액"
7,대중교통,"버스, 지하철 후불 교통 이용 금액 일 200원 할인","버스, 지하철 후불 교통 이용 금액 일 200원 할인
- 버스, 지하철 : 전국 신한카드 후불교통카드 서비스 지역에서 할인 적용
  * 단, 공항버스 / 공항리무진 / 공항철도는 해당 서비스에서 제외함
- 버스/지하철 이용 時 환승 등으로 당일 오후 12시 이후 도착 건은 당일이 아닌 익일 이용 건으로 처리가 됩니다.
- 당일 후불 교통 이용 금액이 200원 미만인 경우는 할인 적용이 되지 않습니다.
- 매월 1일이 주말 또는 공휴일인 경우 전표 매입의 지연으로 인해 익월 初 이용 금액까지 포함이 되어 할인 적용이 될 수 있습니다.
- 전월 (1일~말일) 23.5° 해당카드로 신판(일시불+할부) 30만원 이상 이용인 경우 서비스가 제공이 됩니다.
  * 가족카드의 경우 전월 이용 실적 및 서비스 혜택이 별도로 적용 됩니다.
- 신규 발급 회원에 대해서는 카드 사용 등록월 포함 2개월까지는 전월 신판 30만원 이용 실적과는 무관하게 서비스가 제공이 됩니다.
- 교통카드 이용 금액은 전전월 이용 금액 기준이며, 해외 이용 금액은 카드사에 전표가 매입된 일자를 기준으로 적용이 됩니다.

잠깐 ! 전월 카드 이용 금액에 포함되지 않는 대상은 다음과 같으니 참고하시기 바랍니다.
- 단기카드대출(현금서비스)/장기카드대출(카드론)/연회비/각종수수료/이자/거래취소금액
- 타사 선불카드 충전 금액 / 기프트카드 등 당사 선불카드 (Pre ⓘ, Maxx등) 충전 금액
- 포인트 사용금액"
7,영화,CGV 영화 예매 최대 4천원 결제일 할인,"CGV 영화 예매 최대 4천원 결제일 할인
- 월 1회 (1일~말일) 할인 적용
- 해당 제휴사 홈페이지를 통한 인터넷 영화 예매(스마트폰 어플 예매 포함) 이용 건에 대해서도 할인 적용
- 본인, 동반자와 상관없이 총 결제 금액에서 할인 적용
  * 단, 총 결제 금액이 4천원 미만인 경우는 해당 금액에 대해 할인 적용
- 영화 예매 이외 기프티콘 등 상품권 구매 및 매점 이용시에는 할인 적용이 되지 않으니 유의 하시기 바랍니다.

서비스 제공 기준
- 이용 실적 기준
  * 전월 (1일~말일) 23.5° 해당카드로 신판(일시불+할부) 30만원 이상 이용인 경우 서비스가 제공이 됩니다.
  * 가족카드의 경우 전월 이용 실적 및 서비스 혜택이 별도로 적용 됩니다.
  * 신규 발급 회원에 대해서는 카드 사용 등록월 포함 2개월까지는 전월 신판 30만원 이용 실적과는 무관하게 서비스가 제공이 됩니다.
  * 교통카드 이용 금액은 전전월 이용 금액 기준이며, 해외 이용 금액은 카드사에 전표가 매입된 일자를 기준으로 적용이 됩니다.
- 전월 이용금액 제외 대상 
  * 전월 이용 실적에 포함되지 않는 대상은 아래와 같으니 참고해주시기 바랍니다.
  * 단기카드대출(현금서비스)/장기카드대출(카드론)/연회비/각종수수료/이자/거래취소금액 
  * 타사 선불카드 충전 금액 / 기프트카드 등 당사 선불카드 (Pre ⓘ, Maxx등) 충전 금액"
7,카페,스타벅스 음료 최대 4천원 할인,"스타벅스음료 최대 4천원 할인
- 월 1회 (1일~말일), 최대 4천원 할인 적용
  * 단, 총 결제 금액이 4천원 미만인 경우는 해당 금액에 대해 할인 적용
- 스타벅스 월 10회 이용한 경우 11회 이용 건에 대해 할인 적용
  * 전월 10회가 아닌 당월 10회 이용 횟수를 체크함
- 타 쿠폰 및 타 카드 (통신계 카드 등) 중복 사용 가능
- 할인 적용 건의 경우 안내 SMS 발송
- 전월 신판 실적과 월 10회 이용 실적이 모두 충족되어야 할인 서비스가 제공 되오니 유의 하시기 바랍니다.
  * 백화점/할인점/면세점/공항 등 입점 매장의 경우, 스타벅스 가맹점이 아닌 백화점/할인점 등으로 승인이 발생하여 횟수나 할인 적용에서 제외될 수 있으므로 유의하시기 바랍니다.

서비스 제공 기준
- 이용 실적 기준
  * 전월 (1일~말일) 23.5° 해당카드로 신판(일시불+할부) 30만원 이상 이용인 경우 서비스가 제공이 됩니다.
  * 가족카드의 경우 전월 이용 실적 및 서비스 혜택이 별도로 적용 됩니다.
  * 신규 발급 회원에 대해서는 카드 사용 등록월 포함 2개월까지는 전월 신판 30만원 이용 실적과는 무관하게 서비스가 제공이 됩니다.
  * 교통카드 이용 금액은 전전월 이용 금액 기준이며, 해외 이용 금액은 카드사에 전표가 매입된 일자를 기준으로 적용이 됩니다.
- 전월 이용금액 제외 대상 
  * 전월 이용 실적에 포함되지 않는 대상은 아래와 같으니 참고해주시기 바랍니다.
  * 단기카드대출(현금서비스)/장기카드대출(카드론)/연회비/각종수수료/이자/거래취소금액 
  * 타사 선불카드 충전 금액 / 기프트카드 등 당사 선불카드 (Pre ⓘ, Maxx등) 충전 금액"
7,테마파크,주요 놀이공원 30~50% 할인,"주요 놀이공원 할인 서비스
- 롯데월드 50% 온/오프라인에서 할인 제공(매표소 현장구매 및 해당 홈페이지 예매 / 단, 할인적용카드 사용)
- 에버랜드 50% 온/오프라인에서 할인 제공(매표소 현장구매 및 해당 홈페이지 예매 / 단, 할인적용카드 사용)
- 서울랜드 50% 할인 제공(매표소 현장구매에 한함 / 단, 할인적용카드 사용)
- 캐리비안베이 30% 할인 제공(매표소 현장구매에 한함 / 단, 할인적용카드 사용)
- 할인횟수 : 놀이공원 각각 일 1회, 년 3회 제공(년기준/1월~12월)

서비스 제공 기준
- 이용 실적 기준
  * 전월 (1일~말일) 23.5° 해당카드로 신판(일시불+할부) 30만원 이상 이용인 경우 서비스가 제공이 됩니다.
  * 가족카드의 경우 전월 이용 실적 및 서비스 혜택이 별도로 적용 됩니다.
  * 신규 발급 회원에 대해서는 카드 사용 등록월 포함 2개월까지는 전월 신판 30만원 이용 실적과는 무관하게 서비스가 제공이 됩니다.
  * 교통카드 이용 금액은 전전월 이용 금액 기준이며, 해외 이용 금액은 카드사에 전표가 매입된 일자를 기준으로 적용이 됩니다.
- 전월 이용금액 제외 대상 
  * 전월 이용 실적에 포함되지 않는 대상은 아래와 같으니 참고해주시기 바랍니다.
  * 단기카드대출(현금서비스)/장기카드대출(카드론)/연회비/각종수수료/이자/거래취소금액 
  * 타사 선불카드 충전 금액 / 기프트카드 등 당사 선불카드 (Pre ⓘ, Maxx등) 충전 금액
  * 포인트 사용금액"
7,프리미엄,"신한카드 gallery S 서비스
S& 브랜드 특화 서비스","신한카드 gallery S
- 아티스트들의 다양한 작품을 카드 플레이트로 제작해드리는 서비스
- gallery S 바로가기

S& 브랜드 특화 서비스
- S& 브랜드는 신한카드가 아멕스와 제휴하여 개발한 신개념 브랜드로 국내 연회비 납부만으로 국내는 물론 해외 이용과 S& 특화 서비스를 누리실 수 있습니다.
- 국내에서는 신한카드의 가맹점 및 ATM을, 해외에서는 아멕스의 가맹점 및 ATM(Cirrus포함)을 편리하게 이용하실 수 있으며, 신한카드와 아멕스에서 제공하는 국내/외 서비스 혜택을 받으실 수 있습니다.
- '카페 아티제' 아메리카노 1+1 서비스
  * 음료 구매 시 아메리카노 쁘티 사이즈 1잔 추가 제공 (전국 매장 통합 월 1회, 연간 6회)
  * 삼성본관점, 삼성전자 탕정점은 제외
- 불고기브라더스 10% 할인 서비스
  * 1일 결제금액 20만원 한도 內 10% 할인 제공 (인천공항 탑승동점은 제외)
- 면세점 할인
  * 워커힐, 신세계, 동화면세점 5~15% 할인 (일부 브랜드 및 품목 제외)
  * 동화면세점은 안내 데스크에서 쿠폰 수령 후 할인 적용 가능
- 파파존스 치킨 스트립 무료 제공
  * 피자 라지 사이즈 이상 주문시 제공 / 단, 콜센터 (1544-8080) 주문시 제공 (온라인 주문 적용 불가)
- 아이포터 배송비 10% 할인 서비스
  * S& 카드로 배송비 결제시에 적용됨 (자체 프로모션 및 타 쿠폰과 중복 적용 불가)"
7,유의사항,꼭 확인하세요!,"- 카드 이용 시 제공되는 포인트 및 할인혜택 등의 부가서비스는 카드 신규출시(2014.05.08) 이후 1년 이상 축소·폐지 없이 유지 됩니다.
- 상기에도 불구하고, 다음과 같은 사유가 발생한 경우 카드사는 부가서비스를 변경할 수 있습니다.
  * ① 부가서비스 관련 제휴업체의 일방적인 제휴조건 변경·도산, 천재지변, 금융환경의 급변, 카드사의 경영위기 및 그 밖에 이에 준하는 사유의 발생
  * ② 카드 신규출시 이후 1년 이상 경과하였고, 해당 카드의 수익성 유지가 어려운 경우
- 카드사가 부가서비스를 변경하는 경우에는 부가서비스 변경 사유, 변경 내용 등을 사유발생 즉시 홈페이지에 게시하고, 개별 고지해 드립니다. 특히 카드 신규 출시 이후 1년 이상 경과했고, 해당 카드의 수익성 유지가 어려워져 부가서비스를 변경하는 경우에는 6개월 전부터 매월 개별고지 해 드립니다.
  * 개별고지 방법 : 카드대금청구서, 우편, 이메일, 휴대폰 문자메세지 중 하나"
8,선택형,Gift Option Service - 매년 1회 옵션 품목 중 한 가지를 선택하여 이용,"Gift Option 서비스는 매년 1회 아래 품목 중 한 가지를 선택하여 이용하실 수 있습니다.
- 포인트 : 마이신한포인트 적립(7만점) / 1년1회
- 문화 : 문화상품권(8만원) / 1년1회
- 요식 : 패밀리 레스토랑 11만원 이용권 / 1년1회
- 호텔 : 호텔 애프터눈 티 SET 이용권 / 1년2회

Gift Option 서비스 이용방법
- 연회비 청구 기준으로 1년간 Gift Option 중 택 1하여 지정된 서비스에 한해 신청 가능하며, 신청기간 경과 이후 미사용 건에 대해서는 소급 신청이 불가합니다.
- Gift Option 서비스는 The CLASSIC-Y 카드 발급 초년도의 경우 연회비 납부 및 카드 일시불+할부 이용금액 20만원 이상이용 시 신청 가능하며,  2차년도부터는 연회비 납부 및 전년도 카드 일시불+할부 이용금액 300만원 이상 이용 시 신청 가능합니다.
- 서비스 신청 시 본인이 수령을 원하는 자택 또는 청구지 주소로 이용권 또는 신청 물품을 수령하시고 사용하시면 됩니다. (Option 수령 기간 : 약 10일)
- Gift Option 서비스는 액면에 기재되어 있는 기간에 한하여 사용이 가능합니다.
- Gift Option 서비스 취소 및 변경은 신청 당일에 한하여 가능합니다.
- Gift Option 서비스는 가족카드 회원에게는 제공되지 않습니다.

Option 1. 마이신한포인트 적립(7만점)
- 사용방법(자세한 내용은 신한카드 홈페이지 : www.shinhancard.com에서 확인 가능합니다.)
  * 1) 1Point 이상 : 마이신한포인트 가맹점, MY신한몰, 연회비 결제, 포인트 기부, 지방세 납부, 기프트카드 구매
  * 2) 200Point 이상 : SMS 수수료 결제
  * 3) 10,000Point 이상 : 포인트 캐시백
- 적립기간 : 적립일 기준으로 5년
- 사용제한 : 카드 해지 등의 사유로 거래정지가 된 경우
- 유효기간 및 소멸 : 적립된 마이신한포인트의 유효기간은 적립일로부터 60개월이며, 유효기간이 경과된 마이신한포인트는 월 단위로 자동 소멸됩니다.
- 카드정지, 해지 시 유효기간 내 포인트는 소멸되지 않습니다.
- 마이신한포인트는 신청 즉시 적립되며, 사용 이후에는 취소가 불가능 합니다.
- 사용가능 포인트는 가맹점 제휴사정에 따라 특정 금액 이상 포인트 사용 조건이 적용될 수 있습니다.

Option 2. 문화상품권(8만원)
- 문의 및 신청 : 신한카드 고객센터 1544-7000 / 평일 09:00 ~ 18:00
- 사용매장 : 문화상품권 사용처
  * 전국 서점, 극장 등에서 사용 가능하며 자세한 사용처 및 사용방법 안내는 컬쳐랜드(www.cultureland.co.kr)를 참조하여 주시기 바랍니다.
- 이용가능기간 : 발행일로부터 5년
- 본 상품권은 우편으로만 발송됩니다.(모바일 발송 불가)
- 본 상품권은 도난, 분실, 유효기간 경과 시 재발행 및 사용이 불가합니다.
- 사용할 상품권 금액이 1만원 이하는 80% 이상과 1만원 초과 시 60% 이상을 사용해야 잔액 환불 가능합니다.(단, 온라인 사용에 대한 잔액 환불은 컬쳐랜드/컬쳐캐쉬 약관을 준수합니다.)

Option 3. 패밀리 레스토랑 11만원 이용권
- 사용매장 : 전국 제휴 패밀리 레스토랑
  * 제휴 매장 현황은 http://www.familyvoucher.com에서 확인 가능하며, 업체의 사정에 의해 변경되거나 중단될 수 있습니다.
- 이용가능기간 : 발행일로부터 1년
- 본 이용권은 별도의 교환절차 없이 전국 제휴 패밀리 레스토랑에서 즉시 사용 가능합니다.
- 본 이용권은 우편으로만 수령이 가능하며, 1만원권 11장으로 지급되어 1회 최대 10만원까지 복수의 매장에서 여러 번 나누어 사용하실 수 있습니다.
- 현금교환 및 잔액환불은 불가합니다.
- 지류 이용권은 도난/분실 및 유효기간 경과 시 재발행 및 사용 불가합니다.
- 본 이용권 사용 시 추가금액은 The CLASSIC-Y카드로 결제하셔야 하며, 타 쿠폰 사용 및 중복 할인 불가합니다.

Option 4. 호텔 애프터눈 티 SET 이용권
- 대상호텔 : 롯데호텔(소공/월드/부산), 인터컨티넨탈 서울 코엑스, 파라다이스 부산
- 유의사항
  * 1) 호텔 통합 연 2회 제공됩니다.
  * 2) 호텔 애프터눈 티 이용 시 원하시는 호텔로 사전예약 후 이용하시기 바랍니다.(사전예약 필수)
  * 3) 호텔에서 애프터눈 티 이용권과 회원님의 The CLASSIC-Y카드로 정상 인증이 완료되어야 서비스가 제공됩니다.
  * 4) 호텔에서 애프터눈 티 이용권을 제외한 추가 서비스 이용 시 The CLASSIC-Y카드로 현장 결제하셔야 합니다.
  * 5) 호텔 애프터눈 티 이용권 1회 이용 후 기타 다른 Gift 옵션으로 변경은 불가합니다.
  * 6) 호텔 애프터눈 티 메뉴 구성 및 이용기준은 호텔규정에 따라 상이하게 운영되므로, 제공되는 음료 및 디저트 메뉴는 사전예약 시 확인하여 주시기 바랍니다.
  * 롯데호텔(소공) : 1층 로비라운지 / 02-317-7131
  * 롯데호텔(월드) : 1층 로비라운지 / 02-411-7751 
  * 롯데호텔(부산) : 1층 로비라운지 / 051-810-6430
  * 인터컨티넨탈 서울 코엑스 : 1층 로비라운지 / 02-3430-8603
  * 파라다이스부산 : 1층 로비라운지 / 051-749-2230"
8,모든가맹점,"일시불/할부 이용금액의 0.7% 마이신한포인트 적립
해외, 명품 아울렛(신세계/롯데), 면세점, 골프 업종 이용 시 5% 마이신한포인트 적립","[마이신한포인트 적립]
기본적립
- 전 가맹점 일시불/할부 이용금액의 0.7% 마이신한포인트 적립

특별적립
- 해외, 명품아울렛(신세계/롯데), 면세점, 골프 업종 이용 시 기본적립 포함 총 5% 마이신한포인트 적립
  * 예시)면세점에서 5만원 이용 시 2,500P적립 : 350P(기본적립0.7%) + 2,150P(특별적립4.3%)

유의사항
- 특별적립은 이용금액 기준 월 최대 5만 포인트까지 제공됩니다.(본인+가족 합산)
- 명품 아울렛 : 롯데(파주, 김해, 이천), 신세계(여주, 파주, 부산)
- 롯데/신세계 일반 아울렛 및 온라인 면세점은 특별 적립이 제공되지 않습니다.(기본 적립만 제공)
- 업종 구분은 해당 가맹점의 신한카드 등록 내용에 따르며, 일부 실제와 상이할 수 있습니다.
- 포인트는 신용카드 이용대금 결제일(결제일이 은행 휴무일인 경우 익영업일)에 적립됩니다.
- 적립된 마이신한포인트의 유효기간은 적립일로부터 60개월이며, 유효기간이 경과된 마이신한포인트는 월 단위로 자동 소멸됩니다. 카드정지, 해지 시 유효기간 내 포인트는 소멸되지 않습니다.

마이신한포인트 적립 제외 대상
- 무이자 할부 이용금액, 할인 적용된 이용금액, 단기카드대출(현금서비스), 연회비, 장기카드대출(카드론), 포인트 사용액, 선불카드 충전금액, Gift카드 구매금액, 상품권 구매금액, 할부수수료, 연체이자 등 각종 수수료 및 이자 공과금 및 지방세, 수도요금 등"
8,주유소,GS칼텍스 주유 시 리터당 60원 결제일 할인,"GS칼텍스 주유 시 리터당 60원 결제일 할인
- 할인 적용 전 이용 금액 월 30만원까지 할인 적용됩니다.
- 서비스 이용전월 The CLASSIC-Y 카드로 일시불+할부 이용금액이 30만원 이상 시 제공되며, 신규 발급 회원의 경우 카드 사용 등록 월의 다음 달 말일까지(등록 월+1개월)이용실적에 관계없이 제공됩니다.

유의사항
- 전월 이용실적 및 할인한도는 본인, 가족카드 각각 산정됩니다.
- 휘발유, 경유, 등유에 한하며 LPG는 제외됩니다. (할인금액은 정유사가 통보한 휘발유 표준 고시유가 기준 적용)
- 전월 이용 실적은 전월 1일부터 말일까지의 거래시점 실적으로 반영되며, 교통카드 이용 실적은 전전월 사용실적으로, 해외 이용 실적은 당사에 접수된 일자 기준 실적으로 반영됩니다.
- 전월 이용 실적에서 단기카드대출(현금서비스)/장기카드대출(카드론)/각종 수수료/이자/거래 취소금액 등은 제외됩니다."
8,생활,커피/제과/택시/화장품/영화 5% 할인,"The CLASSIC-Y 카드로 지정 가맹점 이용 시 5% 할인 혜택 제공
- 할인액 기준 제공처 통합 월 2만원까지 제공됩니다.
- 서비스 이용 전월 The CLASSIC-Y 카드로 일시불+할부 이용금액이 30만원 이상 시 제공되며, 신규 발급 회원의 경우 카드사용 등록 월의 다음 달 말일까지(등록 월+1개월) 이용실적에 관계없이 제공됩니다.

지정 가맹점
- 커피 : 스타벅스, 커피빈
- 제과 : 파리바게뜨, 던킨도너츠, 뚜레쥬르
- 택시 : 택시업종
- 화장품 : 올리브영, 아리따움
- 영화 : CGV, 롯데시네마

유의사항
- 전월 이용 실적 및 할인한도는 본인, 가족카드 합산으로 제공됩니다.
- 백화점, 대형할인점 입점 매장 및 상품권 구매 시에는 서비스 제공이 제한될 수 있습니다.
- 업종 구분은 해당 가맹점의 신한카드 등록 내용에 따르며, 일부 실제와 상이할 수 있습니다.
- 전월 이용 실적은 전월 1일부터 말일까지의 거래시점 실적으로 반영되며, 교통카드 이용 실적은 전전월 사용실적으로, 해외 이용 실적은 당사에 접수된 일자 기준 실적으로 반영됩니다.
- 전월 이용 실적에서 단기카드대출(현금서비스)/장기카드대출(카드론)/각종 수수료/이자/거래 취소금액 등은 제외됩니다."
8,면세점,제주 JDC 면세점 이용 시 8% 할인,"제주 JDC 면세점 8% 결제일 할인
- 서비스 이용 전월 (1일~말일) The CLASSIC-Y 카드 일시불+할부 이용금액에 따라 할인한도가 적용됩니다.
- 서비스 이용 전월 The CLASSIC-Y 카드로 일시불+할부 이용금액이 30만원 이상 시 제공되며, 신규 발급 회원의 경우 카드 사용 등록 월의 다음 달 말일까지(등록 월 + 1개월) 이용실적에 관계없이 월 8천원까지 할인이 제공됩니다.
  * 전월 이용액 30만원이상~60만원미만 : 월 할인한도 8천원
  * 전월 이용액 60만원 이상 : 월 할인한도 3만2천원

유의사항
- 전월 이용실적은 전월 1일부터 말일까지의 거래시점 실적으로 반영되며, 교통카드 이용실적은 전전월 사용실적으로, 해외 이용실적은 당사에 접수된 일자 기준 실적으로 반영됩니다.
- 전월 이용실적에서 단기카드대출(현금서비스)/장기카드대출(카드론)/각종 수수료/이자/거래 취소금액은 제외됩니다."
8,진에어,진에어 국제선 항공권 결제일 할인,"진에어 국제선 항공권 결제일 할인
- The CLASSIC-Y VISA PLATINUM(Young Premium) 카드 신청 시 서비스가 제공됩니다.
  * The CLASSIC-Y MASTER PLATINUM, UPI PLATINUM 카드에는 서비스가 제공되지 않습니다.
- 진에어 국제선 항공권을 온라인에서 구매 시 15% 결제일 할인 혜택이 제공됩니다.
  * 국내선 항공권 구매 시 해당 할인이 적용되지 않습니다.
- 진에어 홈페이지 및 모바일(www.jinair.com)에서 예약/결제 시에만 할인 적용됩니다.
- 할인 적용 전 이용 금액 월 40만원까지 할인 적용됩니다. (할인액 기준 월 최대 6만원까지 할인 제공)
- 서비스 이용 전월 The CLASSIC-Y카드로 일시불+할부 이용 금액이 30만원 이상 시 제공되며, 신규 발급 회원의 경우 카드 사용 등록월의 익월 말일까지(등록월+1개월) 이용실적에 관계없이 제공됩니다.

유의사항
- 전월 이용실적 및 할인한도는 본인, 가족카드 합산으로 제공됩니다.
- 전월 이용실적은 전월 1일부터 말일까지의 거래시점 실적으로 반영되며, 교통카드 이용실적은 전전월 사용실적으로, 해외 이용실적은 당사에 접수된 일자 기준 실적으로 반영됩니다.
- 전월 이용실적에서 단기카드대출(현금서비스)/장기카드대출(카드론)/각종 수수료/이자/거래 취소금액 등은 제외됩니다."
8,공연/전시,오디오 가이드 및 오페라 글라스 무료 이용 서비스,"오디오 가이드 및 오페라 글라스 무료 이용 서비스
- 제공대상
  * 오디오 가이드 : 예술의 전당, 서울시립미술관(서소문본관/북서울미술관/남서울생활미술관), 세종문화회관, 국립현대미술관(서울관)
  * 오페라 글라스 : LG아트센터, 세종문화회관
- 제공처 통합 월 1회, 연 4회 제공됩니다.
- 서비스 이용 전월 The CLASSIC-Y카드로 일시불+할부 이용금액이 30만원 이상 시 제공됩니다.
- 신규로 카드를 발급 받으신 경우 전월 실적이 존재하지 않음에 따라 해당 발급월에는 서비스가 적용되지 않습니다.

유의사항
- The CLASSIC-Y카드를 제시 후 무료 제공 요청 시 이용 가능여부 확인 후 제공됩니다.
- 오페라 글라스 서비스 이용 시, 원활한 서비스 이용을 위해 공연 30분 전까지 해당 서비스를 요청하시기 바랍니다.
- 일부 공연 및 전시회에 따라 서비스 제공이 제한될 수 있으며, 재고 소진 시 서비스 이용이 불가할 수 있습니다.
- 전월 이용 실적 및 이용횟수는 본인, 가족카드 합산 기준입니다.
- 전월 이용 실적은 전월 1일부터 말일까지의 거래시점 실적으로 반영되며, 교통카드 이용 실적은 전월 사용실적으로 해외 이용 실적은 당사에 접수된 일자 기준 실적으로 반영됩니다.
- 전월 이용 실적에서 단기카드대출(현금서비스)/장기카드대출(카드론)/각종 수수료/이자/거래 취소금액 등은 제외됩니다."
8,프리미엄,국제브랜드사 서비스 공통사항 안내,"국제브랜드사 서비스 공통사항 안내
- 국제브랜드사 서비스에 대하여 보다 상세한 안내를 원하시는 고객님께서는 국제브랜드사별 홈페이지를 참조해 주시기 바랍니다.
  * 비자 홈페이지 : www.visakorea.com
  * 마스터카드 홈페이지 : www.mastercard.co.kr
  * 아멕스 홈페이지 : www.americanexpress.co.kr
  * JCB(URS) 홈페이지 : www.jcbcard.kr
  * UPI 홈페이지 : www.unionpayintl.com/kr
- 브랜드사 선택서비스는 각 브랜드사별 홈페이지 안내사항과 제공 내용이 상이할 수 있어, 신한카드에서 제공되는 서비스가이드북 안내(제공처, 제공횟수 및 전월실적 조건 등)를 확인하시기 바랍니다.
  * 브랜드사 홈페이지에 안내된 제공처라 하더라도 신한카드에서 안내된 제공처가 아닌 경우 서비스가 제공되지 않습니다.
- 브랜드사별 홈페이지 서비스 안내사항 중 대상 등급 서비스가 아닌 경우 서비스 제공이 제한될 수 있습니다."
9,유의사항,아이행복카드 -> 국민행복카드로 통합,"*기존 아이행복카드는 '국민행복카드'로 통합운영됩니다.
국민행복카드 [자세히보기]"
9,아이행복,보건복지부 아이사랑카드(보육료지원) + 교육부 아이즐거운카드(유아학비 지윈) 통합카드,"아이행복카드란 ?
- 보건복지부의 아이사랑카드(보육료 지원)와 교육부의 아이즐거운카드(유아학비 지원)가 하나로 통합된 카드입니다.

지원대상
- 보육료 : 만 0~5세 자녀를 어린이집에 보내는 경우
- 유아학비 : 만 3~5세 자녀를 국,공,사립유치원에 보내는 경우

보육료/유아학비신청방법
- 보육료/유아학비 지원을 받고자 하는 아동의 주민등록상 주소지 관할 읍,면,동 주민센터 또는 복지로 홈페이지(www.bokjiro.go.kr)를 통하여 신청

지원금액
- 아동의 연령 및 지자체별로 다르며, 자세한 지원금액 관련 내용은 관할 읍,면,동 주민센터나 복지부 헬프데스크 또는 교육비 0079에듀콜로 문의
- 보육료 문의처: 복지부 헬프데스크 1566-0233
- 유아학비 문의처: 교육부 0079에듀콜 1544-0079"
9,병원/약국,병원/약국 5% 결제일 할인,"병원/약국 5% 결제일 할인(치과, 한의원 포함)
- 월 2회, 건당 최대 5천원 할인(할인 전 승인금액 기준 10만원까지)
- 신한카드 가맹점 업종 기준"
9,대형마트,대형마트 및 온라인몰 5% 결제일 할인,"이마트, 홈플러스, 롯데마트 5% 결제일 할인
- 월 2회, 건당 최대 5천원 할인(할인 전 승인금액 기준 10만원까지)
- 상품권 구매금액 할인에서 제외

G마켓, 옥션, 11번가 5% 결제일 할인
- 월 2회, 건당 최대 5천원 할인(할인 전 승인금액 기준 10만원까지)
- 신한카드 전회원 대상 이벤트 및 타쿠폰 등의 혜택과 중복 적용 불가"
9,통신,"SK텔레콤, KT, LG U+ 이동통신 자동이체요금 5% 결제일 할인","이동통신 자동이체요금 5% 결제일 할인
- 월 1회, 건당 최대 5천원 할인(할인 전 승인금액 기준 10만원까지)
- SK텔레콤/KT/LG U+ 이동통신 자동이체 금액 대상
- 순수 이동통신 금액외 결합상품 요금은 할인 불가
- 약정금액 대납, 지점을 통합 납부, 알뜰폰 등은 할인 제외"
9,공과금,도시가스 5% 결제일 할인,"도시가스 5% 결제일 할인
- 월 1회, 건당 최대 5천원 할인(할인 전 승인금액 기준 10만원까지)
- 신한카드 전회원 대상 이벤트 및 타쿠폰 등의 혜택과 중복 적용 불가
- 신한카드 자동이체 가능한 도시가스 요금에 한함"
9,테마파크,주요 놀이공원 30~50% 할인 서비스,"주요 놀이공원 할인 서비스
- 에버랜드, 롯데월드, 서울랜드 자유이용권 50% 즉시 할인
  * 각 일 1회, 연 3회 / 본인 자유이용권에 한하여 적용
- 캐리비안베이 입장권 30% 할인
  * 일 1회, 연 3회 / 본인 입장권에 한하여 적용
- 매표소 현장구매 및 해당 홈페이지 예매. 단, 할인적용 카드 사용

주요 놀이공원 할인 서비스 이용 조건
- 아이행복(신용) 전월(1일~말일) 이용금액(일시불+할부) 30만원 이상 시 제공
- 단, 본인 및 가족이 모두 소지한 경우, 실적 및 할인은 각각 적용됩니다.
- 단기카드대출(현금서비스), 장기카드대출(카드론), 연회비, 각종 수수료 이자, 기프트카드구매금액, 선불카드충전금액, 거래취소금액은 실적에서 제외됩니다.(보육료 결제금액은 실적에 포함됨)
- 테마파크 서비스의 교통카드 이용실적은 전월 이용금액으로 합산되며, 이는 통합할인한도 실적 기준(교통이용실적 전전월 이용금액 기준)과 상이하므로 유의하시기 바랍니다."
9,금융,신한금융 혜택,"신한금융투자
- CMA결제계좌 연계 시 CMA RP 금리 1% 우대 (한도 500만원, 신용카드 限)
- 해외주식 매매수수료 20% 우대 (카드제시 후 서비스등록, 우대국가는 고객이 지정)
  *  금리 및 매매수수료 혜택은 고객이 금융투자에 우대서비스 등록 시 적용
- CMA결제계좌 연계 시 업무수수료 면제
  * 온라인 이체수수료/통장/시크리트카드/OTP재발행/공모주 청약수수료 면제
- 금융투자 제공 모든 우대서비스는 2019.12.31까지 제공됩니다."
9,기타,통합할인한도,"통합 할인한도
- 전월 이용금액 30~60만원 : 1만원 한도
- 전월 이용금액 60~100만원 : 2만원 한도
- 전월 이용금액 100만원 이상 : 4만원 한도
- 아이행복(신용) 전월(1일~말일)이용금액(일시불+할부)에 한하여 실적이 합산 됩니다. 단, 본인 및 가족이 모두 소지한 경우, 실적 및 할인은 각각 적용됩니다.
- 신규발급회원은 카드사용 등록월의 익월말(등록월+1개월)까지 할인한도 1만원 제공
- 보육료(어린이집/유치원에서 결제한 정부지원금 및 자기부담금, 신한카드 업종기준), 단기카드대출(현금서비스), 장기카드대출(카드론), 연회비, 각종 수수료, 이자, 기프트카드구매금액, 선불카드 충전금액,거래 취소금액은 실적에서 제외
- 교통카드 이용실적은 전전월 이용금액 기준이며, 해외이용금액은 매입일자 기준으로 실적 반영
- 통합할인한도 적용대상 할인서비스는 이용거래건의 전표매입순서 기준으로 할인 적용"
9,유의사항,꼭 확인하세요!,"- 카드 이용 시 제공되는 포인트 및 할인혜택 등의 부가서비스는 카드 신규출시(2015.01.02) 이후 1년 이상 축소·폐지 없이 유지 됩니다.
- 상기에도 불구하고, 다음과 같은 사유가 발생한 경우 카드사는 부가서비스를 변경할 수 있습니다.
  * 부가서비스 관련 제휴업체의 일방적인 제휴조건 변경·도산, 천재지변, 금융환경의 급변, 카드사의 경영위기 및 그 밖에 이에 준하는 사유의 발생
  * 카드 신규출시 이후 1년 이상 경과하였고, 해당 카드의 수익성 유지가 어려운 경우
- 카드사가 부가서비스를 변경하는 경우에는 부가서비스 변경 사유, 변경 내용 등을 사유발생 즉시 홈페이지에 게시하고, 개별 고지해 드립니다. 특히 카드 신규 출시 이후 1년 이상 경과했고, 해당 카드의 수익성 유지가 어려워져 부가서비스를 변경하는 경우에는 6개월 전부터 매월 개별고지 해 드립니다.
- 개별고지 방법 : 카드대금청구서, 우편, 이메일, 휴대폰 문자메시지 중 하나"
